group_id,category,size,pair_avg_sim,pair_min_sim,pair_max_sim,top_terms
HIGH_02691,HIGH,6,0.9999999403953552,0.9999999403953552,0.9999999403953552,"mover, bookkeeper"
HIGH_01705,HIGH,6,0.940391480922699,0.8211743831634521,0.9999999403953552,"business, analyst, management, assistant"
HIGH_01852,HIGH,6,0.9327605366706848,0.798281729221344,0.9999999403953552,"management, assistant, bookkeeper"
HIGH_02711,HIGH,6,0.9217078685760498,0.7651234865188599,1.0000001192092896,"assistant, management, accounting"
HIGH_02159,HIGH,6,0.9127781987190248,0.7383344173431396,1.0,"social, pedagogue, shelf, filler"
HIGH_01122,HIGH,6,0.8896188735961914,0.7331869602203369,0.9999999403953552,"assistant, dental, chairside, sales"
HIGH_01149,HIGH,6,0.8874600529670715,0.7475141882896423,0.9999998807907104,"business, analyst, technical, sales, representative"
HIGH_01459,HIGH,6,0.8740672469139099,0.6222021579742432,0.9999998211860656,"assistant, sales, administrative, legal"
HIGH_02662,HIGH,6,0.8605937361717224,0.581781268119812,0.9999999403953552,"mixed, farmer, mover, garden, labourer"
HIGH_02517,HIGH,6,0.8594208359718323,0.578262448310852,1.0000001192092896,"hairdresser, dancer"
HIGH_01147,HIGH,6,0.8558854460716248,0.5676561594009399,1.0000001192092896,"shelf, filler, mover, sales, assistant"
HIGH_01188,HIGH,6,0.8534439206123352,0.7252072095870972,1.0000001192092896,"manager, operations, industrial, production"
HIGH_01971,HIGH,6,0.8530566096305847,0.5591698884963989,1.0,"interpreter, mover, historian, bookkeeper"
HIGH_02620,HIGH,6,0.8458486795425415,0.649095356464386,1.0,"technical, sales, representative, business, analyst"
HIGH_02515,HIGH,6,0.8416880369186401,0.6454774737358093,1.0,"centre, agent, manager"
HIGH_00796,HIGH,6,0.840276837348938,0.6133484840393066,1.0,"chef, cook, head"
HIGH_02640,HIGH,6,0.8391671776771545,0.5175013542175293,1.0000001192092896,"secretary, office, clerk, manager"
HIGH_02248,HIGH,6,0.8390926122665405,0.6583958268165588,0.9999998807907104,"mover, fitter, turner, metal, sawing, machine, operator"
HIGH_01170,HIGH,6,0.8378936648368835,0.5136809349060059,1.0000001192092896,"assistant, lecturer, project, manager"
HIGH_02175,HIGH,6,0.8343437314033508,0.5030310750007629,1.0,"assistant, management, secretary, dental, chairside"
HIGH_00598,HIGH,6,0.8342689275741577,0.5671506524085999,1.0,"sales, assistant, house, sitter, office, clerk"
HIGH_02399,HIGH,6,0.8331910967826843,0.4995732009410858,1.0000001192092896,"human, resources, assistant, manager, consultant, legal, business"
HIGH_02119,HIGH,6,0.8263049721717834,0.4789147078990936,1.0000001192092896,"sales, assistant, postman, postwoman, gaming, inspector"
HIGH_02595,HIGH,6,0.8205131888389587,0.4615396857261657,1.0,"motor, vehicle, parts, assembler, industrial, machinery, mechanic, garage, manager"
HIGH_02126,HIGH,6,0.8148905634880066,0.5794394612312317,1.0,"gaming, inspector, shelf, filler, bookkeeper, cook"
HIGH_02034,HIGH,6,0.8143631219863892,0.601036548614502,1.0,"biologist, assistant, lecturer"
HIGH_02576,HIGH,6,0.8130359649658203,0.5348392128944397,1.0000001192092896,"sales, assistant, contact, centre, supervisor"
HIGH_01009,HIGH,6,0.8118727207183838,0.5424678325653076,0.9999999403953552,"domestic, housekeeper, mover"
HIGH_01240,HIGH,6,0.8112675547599792,0.5421684384346008,1.0000001192092896,"mover, inventory, coordinator, shelf, filler"
HIGH_01518,HIGH,6,0.8107884526252747,0.6211381554603577,0.9999999403953552,"manager, chief, executive, officer, industrial, production, purchasing"
HIGH_02200,HIGH,6,0.7971599698066711,0.4832431375980377,0.9999999403953552,"assistant, management, lecturer, accounting"
HIGH_02317,HIGH,6,0.7969279885292053,0.5710127949714661,1.0000001192092896,"financial, planner, manager, business, accountant"
HIGH_02033,HIGH,6,0.7962811589241028,0.5318982601165771,0.9999999403953552,"hotel, porter, contact, centre, supervisor"
HIGH_02254,HIGH,6,0.7920978665351868,0.6143521666526794,1.0,"manager, sales, account, department, destination"
HIGH_00584,HIGH,6,0.7917643189430237,0.5444058179855347,0.9999999403953552,"wood, production, supervisor, cabinet, maker"
HIGH_02027,HIGH,6,0.7914594411849976,0.4717347919940948,1.0,"sales, assistant, support, specialised, seller, department, manager, hairdresser"
HIGH_01388,HIGH,6,0.7908359169960022,0.4859294593334198,0.9999998211860656,"manager, sales, department, technical, representative, business, analyst, headteacher"
HIGH_01491,HIGH,6,0.7891073226928711,0.492985188961029,1.0,"office, clerk, telephone, switchboard, operator, assistant, sales, management, administrative"
HIGH_01239,HIGH,6,0.7838829159736633,0.5322316288948059,0.9999999403953552,"recycling, worker, factory, hand, mover"
HIGH_02197,HIGH,6,0.7808493971824646,0.6437193751335144,1.0000001192092896,"centre, agent, chemistry, technician"
HIGH_01956,HIGH,6,0.7781661748886108,0.490316092967987,0.9999999403953552,"online, marketer, manager, ebusiness, advertising"
HIGH_02183,HIGH,6,0.7780669927597046,0.4837581813335418,1.0,"shelf, filler, motor, vehicle, parts, assembler"
HIGH_00884,HIGH,6,0.7732318639755249,0.5290886759757996,0.9999998807907104,"shelf, filler, industrial, machinery, mechanic, mover"
HIGH_02424,HIGH,6,0.7732194066047668,0.5169022083282471,1.0,"human, resources, manager, assistant, management"
HIGH_02497,HIGH,6,0.7696916460990906,0.5297711491584778,0.9999999403953552,"assistant, nurse, healthcare, mover, management"
HIGH_01698,HIGH,6,0.7654989957809448,0.5393941402435303,1.0,"sales, assistant, office, manager"
HIGH_01279,HIGH,6,0.7606726288795471,0.6390285491943359,1.000000238418579,"mover, metal, sawing, machine, operator, building, construction, worker, shelf, filler"
HIGH_02255,HIGH,6,0.758489727973938,0.5471682548522949,1.0,"hairdresser, sales, assistant, home, care, aide"
HIGH_02259,HIGH,6,0.7570858597755432,0.5335549712181091,1.0,"nurse, specialist, assistant, mover"
HIGH_02447,HIGH,6,0.7565463185310364,0.5332417488098145,0.9999998807907104,"mover, vehicle, maintenance, attendant, factory, hand"
HIGH_01376,HIGH,6,0.7550048828125,0.6124526858329773,1.000000238418579,"art, director, digital, media, designer"
HIGH_02849,HIGH,6,0.7513711452484131,0.4638983607292175,1.0,"mover, wearing, apparel, presser, home, care, aide, postman, postwoman, sales, assistant"
HIGH_00871,HIGH,6,0.7486883401870728,0.4837340414524078,1.0000001192092896,"shelf, filler, gaming, inspector, assistant, sales, healthcare"
HIGH_02564,HIGH,6,0.746792733669281,0.4566295146942138,0.9999999403953552,"postman, postwoman, commercial, sales, representative, office, clerk, mover"
HIGH_00400,HIGH,6,0.7463244795799255,0.4526731371879577,1.0,"security, guard, house, sitter, mover"
HIGH_01639,HIGH,6,0.7453393340110779,0.5401482582092285,1.0,"administrative, assistant, office, clerk, legal"
HIGH_02171,HIGH,6,0.7407407760620117,0.5624985694885254,0.9999999403953552,"assistant, shelf, filler, social, work, sales"
HIGH_02106,HIGH,6,0.7393723726272583,0.5367226600646973,1.0,"centre, agent, contact, supervisor, mover"
HIGH_02631,HIGH,6,0.7363474369049072,0.4970939755439758,1.0,"chemistry, technician, shelf, filler, mover"
HIGH_01264,HIGH,6,0.7356996536254883,0.5211544036865234,1.0,"chief, executive, officer, sales, account, manager, shelf, filler"
HIGH_01443,HIGH,6,0.7338727712631226,0.552314043045044,0.9999999403953552,"industrial, machinery, mechanic, postman, postwoman, mover"
HIGH_02812,HIGH,6,0.7317646741867065,0.511962890625,1.0000001192092896,"chief, executive, officer, specialised, seller, motor, vehicles, hotel, porter"
HIGH_02053,HIGH,6,0.7300630211830139,0.5696133971214294,0.9179550409317015,"raw, materials, warehouse, specialist, inventory, coordinator, shelf, filler"
HIGH_01341,HIGH,6,0.7275334596633911,0.4678201675415039,1.0,"clerk, office, financial, planner, insurance"
HIGH_02777,HIGH,6,0.7273567318916321,0.4836242794990539,1.0,"assistant, healthcare, management, photographer"
HIGH_02275,HIGH,6,0.7257718443870544,0.5258762836456299,1.0,"commercial, sales, representative, office, manager, management, assistant"
HIGH_01807,HIGH,6,0.7252562642097473,0.4524202644824981,0.9999998211860656,"psychologist, psychotherapist"
HIGH_02746,HIGH,6,0.7239922285079956,0.4964385032653808,1.0000001192092896,"cook, food, production, operator, mover"
HIGH_01730,HIGH,6,0.7222654223442078,0.4590388536453247,1.0000001192092896,"manager, event, project, management, assistant, department, advertising"
HIGH_00038,HIGH,6,0.7181205749511719,0.4960425496101379,1.0,"motor, vehicle, parts, assembler, garden, labourer, lacquer, maker, mover"
HIGH_00882,HIGH,6,0.7174140810966492,0.4870271384716034,1.0,"cook, postman, postwoman"
HIGH_00854,HIGH,6,0.7171846032142639,0.5430334806442261,1.0000001192092896,"assistant, management, administrative, medical, hairdresser"
HIGH_02232,HIGH,6,0.7168769836425781,0.5388602018356323,1.0,"dental, chairside, assistant, centre, agent"
HIGH_01721,HIGH,6,0.7166851758956909,0.5600391030311584,1.0000001192092896,"sales, assistant, specialised, seller, building, materials, mover"
HIGH_01331,HIGH,6,0.7145538926124573,0.4564888179302215,0.9999999403953552,"accounting, assistant, tax, clerk, financial, planner, bookkeeper"
HIGH_00195,HIGH,6,0.7129831314086914,0.4663518369197845,1.0,"pharmacy, assistant, shelf, filler, hairdresser"
HIGH_02779,HIGH,6,0.7106634378433228,0.489788144826889,0.9132816791534424,"worker, building, construction, mover, civil, engineering, caretaker"
HIGH_00090,HIGH,6,0.708929181098938,0.4523032307624817,1.0000001192092896,"administrative, court, officer, legal, assistant"
HIGH_00983,HIGH,6,0.7063234448432922,0.4958422183990478,1.0,"human, resources, manager, employment, agent"
HIGH_01544,HIGH,6,0.7061522006988525,0.5923262238502502,0.8807677030563354,"sales, assistant, postman, postwoman, mover"
HIGH_02623,HIGH,6,0.7056655883789062,0.5111418962478638,1.0,"quality, technician, engineering, product, controller, chemistry"
HIGH_00128,HIGH,6,0.7030069231987,0.4620745480060577,0.9999999403953552,"factory, hand, office, clerk, mover"
HIGH_02587,HIGH,6,0.7017055153846741,0.4953314960002899,1.0,"office, clerk, assistant, lecturer, lawyer"
HIGH_01633,HIGH,6,0.70148104429245,0.5760424137115479,0.9099457263946532,"worker, building, construction, civil, engineering, garden, labourer, recycling, mover"
HIGH_00096,HIGH,6,0.6955576539039612,0.5221567749977112,1.0000001192092896,"building, construction, worker, plate, glass, installer, mover"
HIGH_01154,HIGH,6,0.6933037042617798,0.5637589693069458,1.0,"technical, communicator, secretary, mover, sales, assistant, usher"
HIGH_01127,HIGH,6,0.6921500563621521,0.4836797714233398,0.9999999403953552,"sales, assistant, social, pedagogue, manicurist"
HIGH_02421,HIGH,6,0.6921374797821045,0.4947621822357178,1.0,"social, pedagogue, centre, agent"
HIGH_01158,HIGH,6,0.6906698346138,0.5369216203689575,0.9999999403953552,"motor, vehicles, specialised, seller, sales, assistant, support, purchaser"
HIGH_02196,HIGH,6,0.6901872158050537,0.4707317948341369,1.0,"manager, raw, materials, warehouse, specialist, logistics, distribution, centre, agent, ict, documentation, sales, assistant, brand"
HIGH_00141,HIGH,6,0.6900522112846375,0.5317001938819885,1.0000001192092896,"management, assistant, membership, manager, robotics, engineer"
HIGH_00353,HIGH,6,0.6884271502494812,0.4905773997306824,0.8598526120185852,"assistant, office, clerk, sales, support, management, mover, human, resources"
HIGH_00437,HIGH,6,0.685684084892273,0.4852250814437866,1.0,"garden, labourer, recycling, worker, mover"
HIGH_01414,HIGH,6,0.6856300830841064,0.5219070315361023,0.9999998807907104,"machine, operator, freight, transport, dispatcher, supervisor, metal, sawing, mover, purchaser, cook"
HIGH_01809,HIGH,6,0.6817026138305664,0.4695044159889221,0.9999999403953552,"manager, operations, department"
HIGH_02551,HIGH,6,0.6814310550689697,0.5038054585456848,1.0000001192092896,"management, assistant, mover"
HIGH_00867,HIGH,6,0.6790685057640076,0.4554797410964966,1.0000001192092896,"office, clerk, chief, executive, officer, secretary, mover"
HIGH_01360,HIGH,6,0.6764535307884216,0.4558956623077392,1.0000001192092896,"administrative, assistant, secretary, medical"
HIGH_02874,HIGH,6,0.6760285496711731,0.5057753920555115,1.0,"analyst, business, statistician, accountant, mergers, acquisitions"
HIGH_02416,HIGH,6,0.6751648783683777,0.4780778288841247,0.9999999403953552,"social, worker, higher, education, lecturer, hairdresser"
HIGH_01018,HIGH,6,0.6735318303108215,0.4941859543323517,1.0000001192092896,"product, quality, controller, factory, hand, mover"
HIGH_01738,HIGH,6,0.6681026220321655,0.535730242729187,1.0000001192092896,"metal, sawing, machine, operator, cabinet, maker, mover"
HIGH_01654,HIGH,6,0.6649078726768494,0.5379971265792847,0.8313994407653809,"product, manager, chief, executive, officer, tourism, accountant"
HIGH_01858,HIGH,6,0.6616995930671692,0.4808135032653808,0.903715193271637,"power, tool, repair, technician, printed, circuit, board, assembler, postman, postwoman, office, clerk, building, caretaker, lacquer, maker"
HIGH_00590,HIGH,6,0.6574641466140747,0.5207768082618713,1.0,"mover, office, clerk"
HIGH_01628,HIGH,6,0.65362948179245,0.4520383775234222,0.9999999403953552,"shelf, filler, sales, assistant, mover"
HIGH_00155,HIGH,6,0.6532236337661743,0.5155979990959167,0.8780754804611206,"mover, factory, hand, building, construction, worker"
HIGH_02201,HIGH,6,0.647561252117157,0.461768627166748,0.9999998807907104,"public, relations, officer, hairdresser, spokesperson, journalist, advertising, assistant"
HIGH_00092,HIGH,6,0.644853413105011,0.4830636382102966,0.8845086097717285,"chemical, processing, supervisor, technician, chemistry, food, production, operator, cylinder, filler, manufacturing, quality"
HIGH_00087,HIGH,6,0.6438397765159607,0.5945755839347839,0.7540643215179443,"mover, building, construction, worker, garden, labourer"
HIGH_02144,HIGH,6,0.6389488577842712,0.5313503742218018,0.9010527729988098,"construction, painter, vehicle, maintenance, attendant, upholsterer"
HIGH_02786,HIGH,6,0.63291996717453,0.4657231569290161,1.0,"ict, manager, account, developer, administrator, ebusiness"
HIGH_02565,HIGH,6,0.6295889616012573,0.4648403823375702,0.9999999403953552,"mover, metal, sawing, machine, operator, sales, assistant"
HIGH_00311,HIGH,6,0.6267338991165161,0.4941810965538025,0.8571138978004456,"teacher, higher, education, lecturer, vocational, hairdresser, interpreter, drama"
HIGH_02521,HIGH,6,0.6255220174789429,0.4582376778125763,0.9999998807907104,"manager, project, office, advertising, product, event"
HIGH_01641,HIGH,6,0.6250685453414917,0.4730900228023529,0.9999998807907104,"sales, assistant, shelf, filler, account, manager, hotel, porter"
HIGH_01580,HIGH,6,0.6229144334793091,0.5010453462600708,1.0,"manager, supply, chain, membership, project, purchaser, product"
HIGH_02022,HIGH,6,0.6212512254714966,0.4658669531345367,1.0000001192092896,"healthcare, assistant, shelf, filler, mover"
HIGH_00667,HIGH,6,0.6191394329071045,0.4869000017642975,0.9285076260566713,"sales, representative, technical, manager, electronic, telecommunications, equipment, membership, commercial, management, assistant"
HIGH_00586,HIGH,6,0.6187329888343811,0.4820021688938141,1.0,"civil, engineering, worker, garden, labourer, private, chauffeur, mover"
HIGH_01389,HIGH,6,0.6112689971923828,0.5626338124275208,1.0,"social, pedagogue, nanny, building, inspector, accountant, management, assistant, mover"
HIGH_02088,HIGH,6,0.611219584941864,0.4532651901245117,0.8976573944091797,"security, guard, printed, circuit, board, assembler, postman, postwoman, mover"
HIGH_02710,HIGH,6,0.6093760132789612,0.4578928351402282,0.9999999403953552,"office, clerk, sales, technical, representative, manager, hairdresser, product, assistant"
HIGH_02670,HIGH,6,0.6053297519683838,0.4660084843635559,0.9999999403953552,"manager, project, technical, sales, representative, membership, office, operations, clerk, architect"
HIGH_01553,HIGH,6,0.5938475131988525,0.4711546897888183,0.7937411069869995,"engineer, electrical, mover, ship, duty, psychologist, construction, research, employment, agent"
HIGH_00219,HIGH,6,0.5932136178016663,0.461191862821579,0.8650564551353455,"commercial, sales, representative, project, manager, office, clerk, domestic, electrician, sign, maker"
HIGH_02377,HIGH,6,0.5868978500366211,0.5065529346466064,0.7931119203567505,"home, care, aide, building, construction, worker, mover"
HIGH_02484,HIGH,6,0.5716970562934875,0.4925129115581512,0.9999999403953552,"sales, assistant, support, commercial, representative, centre, agent, management, garden, labourer"
HIGH_01729,HIGH,6,0.571340799331665,0.4581513106822967,0.7346996665000916,"mover, building, construction, worker, sales, assistant, architect"
HIGH_02104,HIGH,6,0.5682585835456848,0.4537092745304107,0.9999999403953552,"lacquer, maker, cook, mover, garden, labourer"
HIGH_02590,HIGH,6,0.5645601153373718,0.4829261302947998,0.9999999403953552,"postman, postwoman, home, care, aide, mover, coordinator"
HIGH_01470,HIGH,6,0.5559245347976685,0.4612325727939605,0.7272235155105591,"building, construction, worker, vehicle, maintenance, attendant, factory, hand, mover, shelf, filler, caretaker, sales, assistant"
HIGH_02432,HIGH,6,0.5532726645469666,0.4600707590579986,0.9999999403953552,"sales, representative, technical, commercial, assistant, social, pedagogue, archivist, event, manager"
HIGH_02659,HIGH,6,0.5398728251457214,0.4901325702667236,0.9999999403953552,"assistant, lecturer, engineer, electrical, quality, application, telecommunications, chemical"
HIGH_02693,HIGH,6,0.5354803800582886,0.4588111639022827,0.8437041640281677,"office, clerk, telephone, switchboard, operator, solderer, shelf, filler, management, assistant"
HIGH_02513,HIGH,6,0.5210347771644592,0.4534496963024139,1.0,"assistant, social, work, sales, hairdresser, factory, hand, secretary, interpreter"
HIGH_02683,HIGH,6,0.5180969834327698,0.4585320055484772,0.601421594619751,"manager, public, relations, management, assistant, online, marketer, statistician, centre, agent, insurance, claims, journalist"
HIGH_02734,HIGH,6,0.5178062319755554,0.4593765139579773,1.0,"office, manager, mover, hairdresser, groom, accountant"
HIGH_02287,HIGH,6,0.507851243019104,0.4611693620681762,0.5773798823356628,"manager, department, chief, executive, officer, accountant, general, veterinarian, financial, commercial, director, insurance, clerk"
HIGH_01833,HIGH,5,1.0,1.0,1.0,"psychologist, psychotherapist"
HIGH_02237,HIGH,5,0.9999998807907104,0.9999999403953552,0.9999999403953552,"biologist, assistant, lecturer"
HIGH_02239,HIGH,5,0.9999998807907104,0.9999999403953552,0.9999999403953552,"mover, house, sitter"
HIGH_01895,HIGH,5,0.9407384991645812,0.8518463373184204,1.0,"recycling, worker, vehicle, maintenance, attendant, mover"
HIGH_02470,HIGH,5,0.9401655197143556,0.8504139184951782,1.0,"sales, assistant, factory, hand"
HIGH_02870,HIGH,5,0.9336360692977904,0.8340900540351868,1.000000238418579,"chief, executive, officer, business, analyst"
HIGH_02422,HIGH,5,0.930648684501648,0.826621949672699,0.9999999403953552,"cook, house, sitter"
HIGH_02164,HIGH,5,0.9221050143241882,0.8052623271942139,1.0000001192092896,"building, construction, worker, caretaker"
HIGH_02851,HIGH,5,0.9051950573921204,0.7629874348640442,1.0000001192092896,"assistant, pharmacy, sales"
HIGH_02808,HIGH,5,0.8914621472358704,0.8191035389900208,1.0,"management, assistant, purchaser"
HIGH_02603,HIGH,5,0.8912014961242676,0.8186692595481873,1.0000001192092896,"mover, home, care, aide"
HIGH_02268,HIGH,5,0.8842070698738098,0.7791492342948914,1.0,"software, developer, chief, information, officer"
HIGH_02097,HIGH,5,0.8796927332878113,0.6992321014404297,0.9999998211860656,"worker, social, child, care, shelf, filler"
HIGH_02127,HIGH,5,0.8665911555290222,0.703933835029602,1.0,"sales, assistant, postman, postwoman, lieutenant"
HIGH_00970,HIGH,5,0.8590685129165649,0.6890771985054016,0.9999998807907104,"gaming, dealer, factory, hand, mover"
HIGH_02660,HIGH,5,0.8571812510490417,0.6429531574249268,1.0,"secretary, shelf, filler, cook"
HIGH_02087,HIGH,5,0.8555830121040344,0.7593050599098206,1.0,"child, care, worker, management, assistant"
HIGH_02348,HIGH,5,0.8525205850601196,0.6579680442810059,1.0000001192092896,"cabinet, maker, coordinator"
HIGH_00473,HIGH,5,0.8518922924995422,0.6297307014465332,1.0,"management, assistant, sales, account, manager, hotel, porter"
HIGH_02299,HIGH,5,0.8498214483261108,0.7186830639839172,1.0,"social, worker, employment, agent, sociologist"
HIGH_00501,HIGH,5,0.848983883857727,0.6502448320388794,0.9999999403953552,"flower, garden, specialised, seller, sales, assistant, home, care, aide"
HIGH_01787,HIGH,5,0.8400157690048218,0.6536068320274353,1.0,"cook, sales, assistant"
HIGH_02279,HIGH,5,0.8393694162368774,0.6239119172096252,1.0000001192092896,"concrete, finisher, products, machine, operator, mixed, farmer"
HIGH_00274,HIGH,5,0.8375080227851868,0.7542085647583008,1.0,"private, chauffeur, vehicle, maintenance, attendant, mover"
HIGH_02505,HIGH,5,0.8372880816459656,0.5932199954986572,1.0000001192092896,"care, foster, support, worker, home, aide, social, pedagogue"
HIGH_01888,HIGH,5,0.8366293907165527,0.5915736556053162,0.9999999403953552,"cook, metal, sawing, machine, operator, home, care, aide"
HIGH_00879,HIGH,5,0.8322904706001282,0.6290188431739807,1.0000001192092896,"building, construction, worker, food, production, operator, factory, hand"
HIGH_01548,HIGH,5,0.8286843299865723,0.6549782752990723,1.0,"manager, project, sales"
HIGH_01332,HIGH,5,0.821432888507843,0.6677968502044678,1.0,"financial, manager, bookkeeper, mover"
HIGH_02727,HIGH,5,0.8179600834846497,0.5449002385139465,1.0,"shelf, filler, instructor, fitness, aid"
HIGH_01458,HIGH,5,0.8176781535148621,0.7046558260917664,1.0,"web, designer, art, director"
HIGH_02657,HIGH,5,0.8176190257072449,0.5440478324890137,0.9999998807907104,"assistant, administrative, sales, legal"
HIGH_00406,HIGH,5,0.815240740776062,0.6395939588546753,1.0,"primary, school, teacher, home, care, aide, fitness, instructor"
HIGH_02860,HIGH,5,0.8095945119857788,0.523986279964447,1.0,"worker, building, construction, mixed, farmer, crop, production, civil, engineering"
HIGH_02823,HIGH,5,0.8064299821853638,0.5844985842704773,1.0,"business, consultant, manager, department, lean"
HIGH_02558,HIGH,5,0.8056327104568481,0.5140817165374756,0.9999999403953552,"online, marketer, technical, sales, representative, imagesetter, advertising, manager"
HIGH_02678,HIGH,5,0.8046003580093384,0.6090723276138306,0.9999998807907104,"manager, project, product, services, ict"
HIGH_01898,HIGH,5,0.8037353754043579,0.7029310464859009,0.9213953018188475,"motor, vehicle, parts, assembler, mover, raw, materials, warehouse, specialist"
HIGH_01569,HIGH,5,0.8016501665115356,0.5041253566741943,0.9999999403953552,"centre, agent, mover, management, assistant"
HIGH_02653,HIGH,5,0.8008396029472351,0.5020989179611206,1.0,"worker, building, construction, food, production, operator, civil, engineering, garden, labourer, mover"
HIGH_02717,HIGH,5,0.7999241352081299,0.4998103976249695,1.0,"bookkeeper, hairdresser, mover"
HIGH_00308,HIGH,5,0.7970703840255737,0.5658864378929138,1.0000001192092896,"mover, usher"
HIGH_02499,HIGH,5,0.795494019985199,0.6370663046836853,0.9999998211860656,"assistant, dental, chairside, healthcare"
HIGH_00168,HIGH,5,0.7954500913619995,0.5885748267173767,1.0,"lecturer, assistant, legal, consultant, higher, education"
HIGH_00954,HIGH,5,0.7925509214401245,0.5165611505508423,1.0,"worker, child, care, social, pedagogue"
HIGH_02873,HIGH,5,0.7912635207176208,0.4781587421894073,1.0000001192092896,"factory, hand, postman, postwoman, mover"
HIGH_00242,HIGH,5,0.790252685546875,0.5609052181243896,1.0,"recycling, worker, mover, coordinator"
HIGH_02555,HIGH,5,0.7897606492042542,0.6509225964546204,0.8810542225837708,"inventory, coordinator, vehicle, maintenance, attendant, mover"
HIGH_02321,HIGH,5,0.7884199023246765,0.5764800906181335,1.0000001192092896,"psychologist, assistant, lecturer"
HIGH_02588,HIGH,5,0.7880154848098755,0.4700385928153991,1.0,"manager, event, project, medical, administrative, assistant, critic, ict, documentation"
HIGH_01957,HIGH,5,0.7878604531288147,0.5410768985748291,1.0,"social, worker, office, clerk, mental, health, mover, advertising, specialist"
HIGH_02385,HIGH,5,0.7877359390258789,0.4693399369716644,1.0,"operator, paper, stationery, machine, food, production, private, chauffeur"
HIGH_02759,HIGH,5,0.787453830242157,0.5276452302932739,1.0000001192092896,"tile, fitter, house, sitter, tiling, supervisor"
HIGH_02574,HIGH,5,0.7865456342697144,0.5677944421768188,1.0000001192092896,"manager, membership, sales, department"
HIGH_02166,HIGH,5,0.7860841751098633,0.4652103185653686,1.0,"accountant, business, consultant, tax, clerk"
HIGH_00218,HIGH,5,0.7841252088546753,0.5189681053161621,1.0000001192092896,"manager, construction, roofing, supervisor, operations"
HIGH_01743,HIGH,5,0.7838066816329956,0.6679354906082153,1.0000001192092896,"worker, vehicle, maintenance, attendant, civil, engineering, building, construction, mover"
HIGH_02563,HIGH,5,0.783700704574585,0.4592517614364624,1.0,"garden, labourer, factory, hand, mover"
HIGH_01624,HIGH,5,0.7828386425971985,0.5804551839828491,1.0,"industrial, machinery, mechanic, food, production, operator, mover, healthcare, assistant"
HIGH_02880,HIGH,5,0.7826512455940247,0.4566279947757721,1.0000001192092896,"corporate, trainer, human, resources, officer, office, manager, assistant"
HIGH_01454,HIGH,5,0.7817817330360413,0.4544542133808136,1.0000001192092896,"language, school, teacher, office, clerk, educational, counsellor"
HIGH_00885,HIGH,5,0.7810795307159424,0.4526987373828888,1.0000001192092896,"motor, vehicle, parts, assembler, food, production, operator, private, chauffeur, mover"
HIGH_02760,HIGH,5,0.7809926271438599,0.4524815082550049,1.0,"specialist, nurse, office, clerk, mover"
HIGH_02040,HIGH,5,0.7800667881965637,0.5711351037025452,1.0,"worker, social, disability, support, cabinet, maker"
HIGH_00826,HIGH,5,0.7792363166809082,0.5666519403457642,0.9999998807907104,"architect, interior, mover"
HIGH_00624,HIGH,5,0.777634859085083,0.5971161723136902,0.9999998211860656,"social, worker, home, care, aide, healthcare, assistant"
HIGH_01955,HIGH,5,0.7754970788955688,0.6804661750793457,1.0000001192092896,"building, construction, worker, private, chauffeur, caretaker"
HIGH_02334,HIGH,5,0.7748878598213196,0.6403679251670837,0.9999999403953552,"shelf, filler, mover, sales, assistant"
HIGH_00904,HIGH,5,0.7727113962173462,0.5711785554885864,1.0000001192092896,"tax, clerk, assistant, human, resources, management"
HIGH_02756,HIGH,5,0.7712370157241821,0.5191430449485779,1.0,"shelf, filler, assistant, lecturer, management"
HIGH_02842,HIGH,5,0.7710811495780945,0.4867609441280365,1.0,"power, tool, repair, technician, mechatronics, assembler, ict, administrator, mover"
HIGH_01219,HIGH,5,0.7707736492156982,0.5624292492866516,1.0000001192092896,"chemistry, technician, building, construction, worker, mover"
HIGH_00699,HIGH,5,0.7693008184432983,0.4746365249156952,0.9999999403953552,"specialised, seller, mover, musician"
HIGH_02361,HIGH,5,0.7679970264434814,0.5472974181175232,1.0000001192092896,"manager, membership, project, home, care, aide"
HIGH_00521,HIGH,5,0.7659204006195068,0.6023826003074646,0.9999999403953552,"teacher, special, educational, needs, secondary, school, higher, education, lecturer, physicist"
HIGH_00137,HIGH,5,0.7639767527580261,0.5222672820091248,1.0000001192092896,"scientist, data, assistant, lecturer, bioinformatics"
HIGH_02733,HIGH,5,0.7600840330123901,0.6204595565795898,0.9999999403953552,"art, director, graphic, designer"
HIGH_01931,HIGH,5,0.7596720457077026,0.5280705094337463,1.0000001192092896,"management, assistant, sales, account, manager, occupational, therapist"
HIGH_01237,HIGH,5,0.7582122683525085,0.4530697464942932,1.000000238418579,"motor, vehicle, parts, assembler, office, clerk, management, assistant"
HIGH_02342,HIGH,5,0.757003128528595,0.4965755045413971,1.0,"marketing, consultant, online, marketer, ebusiness, manager"
HIGH_01927,HIGH,5,0.7556809782981873,0.4605416059494018,0.9999998807907104,"manager, office, house, sitter, coordinator, real, estate"
HIGH_02506,HIGH,5,0.7548460364341736,0.53916996717453,1.0000001192092896,"mover, shelf, filler, factory, hand, office, clerk"
HIGH_01315,HIGH,5,0.7547656297683716,0.5099616646766663,1.0,"engineer, mechanical, assistant, lecturer, calculation"
HIGH_01951,HIGH,5,0.7547324299812317,0.5824074149131775,1.0000001192092896,"engineer, mechanical, design"
HIGH_02700,HIGH,5,0.7542905211448669,0.5447842478752136,0.9999999403953552,"hotel, porter, healthcare, assistant, cook"
HIGH_00713,HIGH,5,0.752268373966217,0.485672116279602,0.9999999403953552,"event, manager, chief, executive, officer, management, assistant"
HIGH_02050,HIGH,5,0.7502782940864563,0.5578557252883911,1.0000001192092896,"promotions, demonstrator, centre, agent, mover, home, care, aide"
HIGH_02835,HIGH,5,0.7496943473815918,0.6235253214836121,1.0000001192092896,"assistant, administrative, legal, secretary, accounting"
HIGH_01923,HIGH,5,0.7490485906600952,0.5687410235404968,1.0,"fitter, turner, motor, vehicle, parts, assembler, cook, mover, project, manager"
HIGH_02606,HIGH,5,0.7465354800224304,0.5351616740226746,1.0000001192092896,"assistant, management, telephone, switchboard, operator, healthcare"
HIGH_00359,HIGH,5,0.7460572123527527,0.641990602016449,0.9999998807907104,"building, construction, worker, mover, garden, labourer"
HIGH_00792,HIGH,5,0.7450615167617798,0.5321047902107239,0.9999999403953552,"shelf, filler, mover, extra"
HIGH_02120,HIGH,5,0.7437433004379272,0.487182080745697,0.9999999403953552,"assistant, doctors, surgery, medical, administrative, dental, chairside, bookkeeper"
HIGH_01098,HIGH,5,0.7436243891716003,0.5977264642715454,0.9999998807907104,"technical, communicator, journalist"
HIGH_01322,HIGH,5,0.7407028079032898,0.5479748249053955,1.0,"worker, construction, civil, engineering, road, building, cabinet, maker"
HIGH_02233,HIGH,5,0.7395272254943848,0.5283709168434143,1.0000001192092896,"commercial, sales, representative, building, materials, specialised, seller, centre, agent"
HIGH_01627,HIGH,5,0.7372910380363464,0.5432950854301453,1.0000001192092896,"chief, executive, officer, technical, sales, representative, industrial, designer"
HIGH_02429,HIGH,5,0.7363152503967285,0.5312396287918091,1.0,"assistant, sales, management, centre, agent"
HIGH_02628,HIGH,5,0.734488844871521,0.536858081817627,1.0,"social, pedagogue, office, clerk"
HIGH_01562,HIGH,5,0.7331987619400024,0.5901169180870056,0.8715386986732483,"postman, postwoman, sales, account, manager, mover"
HIGH_00611,HIGH,5,0.7327489852905273,0.4873442947864532,1.000000238418579,"quality, engineering, technician, tool, die, maker, production, supervisor"
HIGH_01709,HIGH,5,0.7325197458267212,0.5246430039405823,0.9999999403953552,"home, care, aide, chemistry, technician, shelf, filler"
HIGH_02060,HIGH,5,0.7320373058319092,0.4821127355098724,0.9999999403953552,"product, manager, business, analyst, assistant, lecturer"
HIGH_00959,HIGH,5,0.7317847013473511,0.4689249992370605,1.0,"optical, instrument, repairer, mover, office, clerk, industrial, machinery, mechanic"
HIGH_01363,HIGH,5,0.7314311265945435,0.5749981999397278,1.0,"software, developer, office, manager"
HIGH_00044,HIGH,5,0.7311246991157532,0.4861010611057281,1.0000001192092896,"chief, executive, officer, manager, department, financial, accountant"
HIGH_01069,HIGH,5,0.7308171987533569,0.5699387788772583,1.0000001192092896,"developer, software, web, centre, agent"
HIGH_02107,HIGH,5,0.7300332188606262,0.5642244219779968,0.9999998211860656,"editorial, assistant, technical, communicator"
HIGH_02707,HIGH,5,0.729798436164856,0.5569876432418823,1.0000001192092896,"assistant, lecturer, secondary, school, teacher, centre, agent"
HIGH_02451,HIGH,5,0.7295256853103638,0.4984587728977203,0.9999998807907104,"clerk, management, assistant, data, entry, office, centre, agent"
HIGH_00424,HIGH,5,0.7294179201126099,0.502941370010376,0.9999999403953552,"sales, assistant, child, care, worker, social, pedagogue"
HIGH_02671,HIGH,5,0.7282559871673584,0.5210413336753845,1.0000001192092896,"engineer, quality, assistant, lecturer, environmental"
HIGH_02536,HIGH,5,0.7280782461166382,0.5357537269592285,1.0,"office, clerk, gaming, inspector"
HIGH_01027,HIGH,5,0.7267550230026245,0.4609479010105133,1.0,"photographer, mover, photojournalist, bookkeeper"
HIGH_02538,HIGH,5,0.7240427732467651,0.4859090149402618,1.0000001192092896,"business, consultant, product, manager"
HIGH_02286,HIGH,5,0.722750186920166,0.5476154088973999,0.9999999403953552,"building, construction, worker, hairdresser, mover"
HIGH_01525,HIGH,5,0.7215604186058044,0.4545736610889435,0.9999999403953552,"postman, postwoman, domestic, housekeeper, dental, technician"
HIGH_01402,HIGH,5,0.7197861671447754,0.5329769253730774,1.0,"membership, manager, bookkeeper, mover"
HIGH_01339,HIGH,5,0.7194675803184509,0.6060184836387634,0.866970419883728,"manager, human, resources, office, department, business"
HIGH_02850,HIGH,5,0.7162221670150757,0.5618874430656433,1.0000001192092896,"dietetic, technician, dietitian, bookkeeper, healthcare, assistant"
HIGH_00615,HIGH,5,0.7157715559005737,0.5262858867645264,1.0,"assistant, lecturer, geophysicist, mathematician, hydrologist, ecologist"
HIGH_02362,HIGH,5,0.714917778968811,0.4897005259990692,1.0000001192092896,"social, pedagogue, disability, support, worker, healthcare, assistant"
HIGH_02099,HIGH,5,0.7146328687667847,0.5814220905303955,0.8592725992202759,"occupational, health, safety, inspector, cook, biochemist, chief, executive, officer, meteorologist, management, assistant"
HIGH_02146,HIGH,5,0.714033305644989,0.4970665574073791,1.0,"metal, sawing, machine, operator, sales, assistant, mover, factory, hand"
HIGH_00366,HIGH,5,0.7138876914978027,0.5231461524963379,1.000000238418579,"social, worker, project, manager"
HIGH_01452,HIGH,5,0.7135027647018433,0.5228389501571655,0.9999999403953552,"cook, specialised, seller, bakery"
HIGH_00998,HIGH,5,0.7126730680465698,0.5168942213058472,0.9131234288215636,"building, construction, worker, rail, layer, factory, hand, groom, management, assistant"
HIGH_02064,HIGH,5,0.7126052379608154,0.5042443871498108,1.0,"office, clerk, social, worker, psychotherapist"
HIGH_02814,HIGH,5,0.7119324803352356,0.519887387752533,1.0,"journalist, interpreter, dramaturge, mover, historian"
HIGH_02735,HIGH,5,0.7109017372131348,0.4934417903423309,0.9999998807907104,"project, manager, contact, centre, supervisor, psychotherapist, secretary"
HIGH_02548,HIGH,5,0.7104305028915405,0.5198796987533569,1.0,"shelf, filler, hotel, butler"
HIGH_00182,HIGH,5,0.7092127799987793,0.50885409116745,0.9224048256874084,"mover, security, guard, shelf, filler, garden, labourer"
HIGH_01212,HIGH,5,0.7059921026229858,0.5142202973365784,0.904764711856842,"mover, shelf, filler, office, clerk"
HIGH_02133,HIGH,5,0.7057498097419739,0.53884357213974,0.9999999403953552,"doctors, surgery, assistant, worker, social, child, care"
HIGH_00246,HIGH,5,0.7053537964820862,0.5401563048362732,0.9999998807907104,"centre, agent, bookkeeper"
HIGH_02853,HIGH,5,0.7039127945899963,0.5756708383560181,1.0,"social, pedagogue, office, manager"
HIGH_01974,HIGH,5,0.7021192908287048,0.5682455897331238,0.9999998211860656,"project, manager, engineer, quality, electronics"
HIGH_02476,HIGH,5,0.7017167806625366,0.5083131194114685,1.0000001192092896,"cabinet, maker, motor, vehicle, parts, assembler, coordinator"
HIGH_00041,HIGH,5,0.7012355923652649,0.5258307456970215,1.0000001192092896,"assistant, management, human, resources, employment, agent"
HIGH_00610,HIGH,5,0.7002402544021606,0.5004003643989563,1.0,"department, manager, accountant, mover"
HIGH_01748,HIGH,5,0.6993975639343262,0.4669660627841949,0.9999999403953552,"office, clerk, specialised, seller, bookshop"
HIGH_02453,HIGH,5,0.699384868144989,0.5204682946205139,0.9999999403953552,"care, foster, support, worker, early, years, teaching, assistant, hairdresser, tax, clerk, home, aide"
HIGH_02117,HIGH,5,0.6985977292060852,0.5240749716758728,1.0,"hairdresser, sales, assistant"
HIGH_02280,HIGH,5,0.6969335675239563,0.4741158783435821,0.9999998807907104,"mining, assistant, factory, hand, mover, conservator"
HIGH_02265,HIGH,5,0.6966683268547058,0.4630744457244873,1.0,"technical, sales, representative, human, resources, assistant, event, manager, hotel, porter, night, auditor"
HIGH_00167,HIGH,5,0.6953548789024353,0.5330726504325867,0.8661354184150696,"web, content, manager, technical, communicator, interpreter, centre, agent, photographer"
HIGH_02854,HIGH,5,0.6947546005249023,0.4658761620521545,0.9999999403953552,"manager, department, product, advertising"
HIGH_01163,HIGH,5,0.6941521167755127,0.468493789434433,1.0,"social, worker, early, years, teaching, assistant, community"
HIGH_02205,HIGH,5,0.6941498517990112,0.5197392702102661,1.0,"sales, representative, medical, commercial, centre, agent, assistant, lecturer"
HIGH_00175,HIGH,5,0.6934430599212646,0.5003646612167358,0.8419440388679504,"management, assistant, postman, postwoman, mover"
HIGH_01453,HIGH,5,0.6932283639907837,0.4689226746559143,0.9999999403953552,"live, chat, operator, centre, agent, healthcare, assistant, mover"
HIGH_02467,HIGH,5,0.6912163496017456,0.4599642157554626,1.0000001192092896,"manager, mechanical, engineer, project, department"
HIGH_01697,HIGH,5,0.6905696392059326,0.476997435092926,0.9999999403953552,"mover, garden, labourer, metal, sawing, machine, operator, recycling, worker"
HIGH_02149,HIGH,5,0.6891522407531738,0.5712587237358093,1.0000001192092896,"civil, engineering, worker, metal, sawing, machine, operator, factory, hand"
HIGH_02614,HIGH,5,0.6872676610946655,0.4787794947624206,1.0,"home, care, aide, cook, shelf, filler"
HIGH_02610,HIGH,5,0.6868054270744324,0.4604517817497253,1.0,"factory, hand, building, construction, worker, mover, coordinator"
HIGH_02477,HIGH,5,0.6846165060997009,0.551298201084137,0.9006036520004272,"vehicle, technician, metal, sawing, machine, operator, mover"
HIGH_01373,HIGH,5,0.6837458610534668,0.4817483723163605,1.0000001192092896,"management, assistant, tax, clerk, bookkeeper"
HIGH_01168,HIGH,5,0.6827971935272217,0.5621389746665955,0.8194833993911743,"bookkeeper, financial, planner, tax, clerk, mover"
HIGH_00186,HIGH,5,0.6825984120368958,0.5013381838798523,1.0000001192092896,"commercial, sales, representative, membership, manager, management, assistant"
HIGH_01824,HIGH,5,0.6820208430290222,0.5357767939567566,0.9999999403953552,"assistant, management, motor, vehicles, specialised, seller, accountant, accounting"
HIGH_00129,HIGH,5,0.6813005208969116,0.4834067225456238,1.0000001192092896,"household, appliances, repair, technician, building, caretaker, mover, event, manager, office, clerk, lieutenant"
HIGH_01247,HIGH,5,0.6779753565788269,0.4542514681816101,1.0000001192092896,"legal, consultant, chief, executive, officer, flight, attendant, lawyer"
HIGH_00320,HIGH,5,0.6775118112564087,0.5030815601348877,1.0000001192092896,"real, estate, manager, mover, building, caretaker, purchaser"
HIGH_00941,HIGH,5,0.6757975816726685,0.4532487094402313,0.9999998807907104,"factory, hand, security, guard, mover"
HIGH_02861,HIGH,5,0.6750169992446899,0.4622069001197815,1.0000001192092896,"manager, project, research, development, department, operations"
HIGH_00631,HIGH,5,0.6748308539390564,0.503142774105072,0.9999999403953552,"assistant, social, work, sales, mover"
HIGH_02026,HIGH,5,0.6747148036956787,0.4668527543544769,1.0,"specialised, seller, bakery, food, production, operator, flower, garden"
HIGH_01928,HIGH,5,0.6747051477432251,0.4572844803333282,1.0,"assistant, lecturer, quality, services, manager, food, analyst"
HIGH_01329,HIGH,5,0.6736198663711548,0.5441877245903015,0.9999999403953552,"mover, recycling, worker, postman, postwoman"
HIGH_02079,HIGH,5,0.6724334955215454,0.483982115983963,0.9999998211860656,"manager, web, content, online, marketer, ebusiness, marketing, assistant"
HIGH_02699,HIGH,5,0.6720103025436401,0.5294548273086548,1.0000001192092896,"food, production, operator, garden, labourer, factory, hand"
HIGH_01197,HIGH,5,0.6717976331710815,0.5092753171920776,0.9999999403953552,"office, clerk, amusement, recreation, attendant, postman, postwoman"
HIGH_02769,HIGH,5,0.6714629530906677,0.5156019926071167,1.0000001192092896,"commercial, sales, representative, office, clerk"
HIGH_00475,HIGH,5,0.6698169708251953,0.497478187084198,0.9999998807907104,"sewing, machinist, sales, assistant, mover"
HIGH_01442,HIGH,5,0.6692914366722107,0.4858708679676056,1.0000001192092896,"social, pedagogue, child, care, worker, specialist, nurse, vocational, teacher"
HIGH_00996,HIGH,5,0.6685347557067871,0.4912485778331756,0.9999999403953552,"home, care, aide, metal, machine, operator, sawing, drawing, commissioning, engineer, healthcare, assistant"
HIGH_02439,HIGH,5,0.6675344705581665,0.496113657951355,0.9999998807907104,"sales, assistant, manicurist"
HIGH_01059,HIGH,5,0.6655005216598511,0.4821041524410248,0.9999999403953552,"sales, account, manager, centre, supervisor, contact"
HIGH_02493,HIGH,5,0.6652887463569641,0.4988375008106231,0.9999998807907104,"child, care, worker, assistant, healthcare, nurse"
HIGH_01634,HIGH,5,0.6646605730056763,0.4956892728805542,0.9999999403953552,"cook, domestic, housekeeper, building, caretaker"
HIGH_02372,HIGH,5,0.6646599173545837,0.5380739569664001,0.8983858227729797,"human, resources, manager, chief, executive, officer, assistant"
HIGH_01670,HIGH,5,0.6640040278434753,0.4678758978843689,0.9999998211860656,"shelf, filler, doctors, surgery, assistant"
HIGH_02789,HIGH,5,0.6633622050285339,0.4580938220024109,1.0,"raw, materials, warehouse, specialist, machine, operator, supervisor, inventory, coordinator, office, manager"
HIGH_02837,HIGH,5,0.6579206585884094,0.4808067977428436,1.0,"healthcare, assistant, home, care, aide, mover"
HIGH_01903,HIGH,5,0.6541920900344849,0.4560259580612182,1.0000001192092896,"hotel, porter, food, production, operator, postman, postwoman"
HIGH_02495,HIGH,5,0.6519497632980347,0.4646572768688202,0.9999999403953552,"clerk, payroll, office, bookkeeper"
HIGH_02592,HIGH,5,0.6518065333366394,0.5285791158676147,1.0,"furniture, assembler, coordinator, mover, photographer"
HIGH_02559,HIGH,5,0.6509438753128052,0.5268998146057129,0.9999999403953552,"manager, membership, human, resources, officer, intercultural, communication, consultant, event"
HIGH_02822,HIGH,5,0.6504114866256714,0.5150982141494751,1.0000001192092896,"business, analyst, mathematician, accountant, debt, collector, psychologist"
HIGH_02605,HIGH,5,0.6502324938774109,0.4939406514167785,1.0,"garden, labourer, house, sitter, mover, textile, articles, manufacturer"
HIGH_01939,HIGH,5,0.6490371823310852,0.5025774836540222,0.8339983820915222,"operator, motor, vehicle, parts, assembler, food, production, metal, sawing, machine, gaming, inspector, solderer, factory, hand"
HIGH_00711,HIGH,5,0.646345853805542,0.4559441804885864,0.9999999403953552,"technician, performance, lighting, stage, tree, surgeon, cabinet, maker"
HIGH_02393,HIGH,5,0.6459223031997681,0.5219025611877441,0.9999999403953552,"mover, office, clerk, metal, sawing, machine, operator"
HIGH_01423,HIGH,5,0.6444195508956909,0.485484629869461,1.0000001192092896,"financial, fraud, examiner, accountant, controller, bookkeeper, accounting, assistant"
HIGH_02328,HIGH,5,0.6443170309066772,0.5167521238327026,1.0,"vocational, teacher, dietitian, bookkeeper, hairdresser, sales, assistant"
HIGH_02374,HIGH,5,0.6417528986930847,0.4576510190963745,0.806450605392456,"shelf, filler, bakery, specialised, seller, sales, assistant"
HIGH_01391,HIGH,5,0.640375018119812,0.4676045179367065,0.921118438243866,"sales, support, assistant, centre, contact, supervisor, agent, shelf, filler"
HIGH_02220,HIGH,5,0.6398813724517822,0.4834615588188171,1.0,"assistant, lecturer, geologist, archaeologist, linguist"
HIGH_02329,HIGH,5,0.6396703720092773,0.4607764184474945,0.9999998807907104,"technician, scientific, laboratory, biotechnical, environmental, office, clerk, shelf, filler"
HIGH_02302,HIGH,5,0.6394249796867371,0.5182162523269653,1.0,"secretary, hotel, porter, interpreter"
HIGH_00830,HIGH,5,0.6392256617546082,0.4867898523807525,0.8828554153442383,"mover, worker, building, construction, vehicle, maintenance, attendant, livestock, groom"
HIGH_02482,HIGH,5,0.6384174227714539,0.4976752400398254,1.0,"cabinet, maker, mover, building, caretaker"
HIGH_02761,HIGH,5,0.6378368139266968,0.4674059152603149,1.0000001192092896,"office, manager, clerk, mover"
HIGH_01905,HIGH,5,0.6369909048080444,0.4661677479743957,0.8328196406364441,"centre, contact, supervisor, specialised, seller, bookshop, agent"
HIGH_01538,HIGH,5,0.6365507245063782,0.4893672466278076,0.9999998211860656,"activity, leader, centre, agent, mover, dog, trainer, factory, hand"
HIGH_02278,HIGH,5,0.6360152959823608,0.5216489434242249,0.8941851258277893,"higher, education, lecturer, chief, executive, officer, special, groups, official, stage, director"
HIGH_02817,HIGH,5,0.6357050538063049,0.4997186362743377,0.8862135410308838,"mover, factory, hand, food, production, operator"
HIGH_02879,HIGH,5,0.6351404190063477,0.4673807024955749,1.000000238418579,"bakery, specialised, seller, sales, assistant, mover, domestic, housekeeper"
HIGH_00740,HIGH,5,0.6347004771232605,0.4942775368690491,0.759977400302887,"bookkeeper, financial, planner, management, assistant, accountant"
HIGH_02291,HIGH,5,0.6336176991462708,0.4831438064575195,0.9999999403953552,"specialised, seller, home, care, aide, textile, sales, assistant"
HIGH_01719,HIGH,5,0.6319578886032104,0.4922952651977539,1.0,"assistant, vocational, teacher, lecturer, auxiliary, nursing, midwifery, nurse"
HIGH_02479,HIGH,5,0.6302279829978943,0.4691866040229797,0.793510913848877,"social, special, educational, needs, teacher, worker, pedagogue, community, building, construction"
HIGH_02637,HIGH,5,0.6282299160957336,0.5016714930534363,0.8498676419258118,"online, marketer, mover, office, clerk, cartographer, management, assistant"
HIGH_01875,HIGH,5,0.6271422505378723,0.4566627740859985,1.0,"management, assistant, biophysicist, volunteer, mentor, screen, making, technician, prison, officer, prompter"
HIGH_02242,HIGH,5,0.6252871155738831,0.4728622734546661,1.0,"sales, manager, motor, vehicles, specialised, seller, account, higher, education, lecturer, assistant"
HIGH_02528,HIGH,5,0.6250845193862915,0.4720449447631836,1.000000238418579,"manager, human, resources, assistant, sales, office"
HIGH_02370,HIGH,5,0.6248868703842163,0.4609164297580719,1.0,"sales, assistant, shelf, filler, postman, postwoman"
HIGH_00715,HIGH,5,0.6248334050178528,0.5007238388061523,1.0000001192092896,"building, construction, worker, mover, shelf, filler"
HIGH_01216,HIGH,5,0.6241758465766907,0.4625311493873596,0.8303568959236145,"manager, product, membership, advertising, branch, department"
HIGH_02365,HIGH,5,0.6238178014755249,0.4753724932670593,1.0000001192092896,"coordinator, inventory, mover"
HIGH_01897,HIGH,5,0.6203405857086182,0.4890145063400268,0.861057698726654,"social, pedagogue, language, school, teacher, shelf, filler, tutor, picture, editor"
HIGH_01320,HIGH,5,0.6193673014640808,0.4614327847957611,0.7923204302787781,"power, tool, repair, technician, mover, home, care, aide, sewing, machinist"
HIGH_02841,HIGH,5,0.6182823181152344,0.4538596272468567,0.8778875470161438,"bank, teller, sales, technical, representative, purchaser, assistant, account, manager"
HIGH_02483,HIGH,5,0.616737425327301,0.4627878367900848,0.8690522909164429,"software, developer, engineer, research, data, cloud, devops"
HIGH_00741,HIGH,5,0.616048276424408,0.4600907862186432,1.0,"construction, manager, building, worker"
HIGH_02223,HIGH,5,0.6149041056632996,0.505269467830658,0.6973567008972168,"labour, market, policy, officer, assistant, linguist, bookkeeper, management, administrative, office, clerk"
HIGH_02697,HIGH,5,0.6142933368682861,0.4754320085048675,0.9999999403953552,"social, worker, educational, researcher, shelf, filler, copy, editor, pedagogue, healthcare, assistant"
HIGH_01354,HIGH,5,0.613876223564148,0.472168505191803,1.0000001192092896,"tax, clerk, assistant, management, mover, administrative"
HIGH_01089,HIGH,5,0.6131597757339478,0.4601063728332519,1.0,"social, worker, office, manager"
HIGH_01626,HIGH,5,0.6126960515975952,0.4652015566825866,0.8714959621429443,"designer, fashion, clothing, graphic, art, director, digital, games"
HIGH_02675,HIGH,5,0.6120108366012573,0.4607715606689453,1.0000001192092896,"postman, postwoman, recycling, worker, domestic, electrician"
HIGH_01978,HIGH,5,0.6097081899642944,0.4680927097797394,1.0000001192092896,"fuel, station, specialised, seller, mover, security, guard"
HIGH_01305,HIGH,5,0.6091820001602173,0.4846247434616089,0.7077680826187134,"civil, engineering, worker, printed, circuit, board, assembler, factory, hand, garden, labourer, mover"
HIGH_01107,HIGH,5,0.6073501706123352,0.4654312431812286,0.8485344052314758,"worker, building, construction, printed, circuit, board, assembler, civil, engineering, mover, drafter"
HIGH_01662,HIGH,5,0.6053460240364075,0.4697336256504059,0.807316243648529,"motor, vehicle, vehicles, specialised, seller, assembly, supervisor, technician, garage, manager"
HIGH_00139,HIGH,5,0.6049266457557678,0.4543425440788269,1.0,"home, care, aide, building, construction, worker, shelf, filler, sales, assistant"
HIGH_02698,HIGH,5,0.603666365146637,0.461168110370636,1.0000001192092896,"assistant, management, office, clerk, sales, producer"
HIGH_02428,HIGH,5,0.6014528274536133,0.472285658121109,1.0,"sales, assistant, shelf, filler, office, clerk"
HIGH_02217,HIGH,5,0.6004465222358704,0.4686910510063171,1.0000001192092896,"teacher, higher, education, lecturer, school, secondary, primary, vocational"
HIGH_01749,HIGH,5,0.5997480154037476,0.4702348411083221,0.8354010581970215,"engineer, research, quality, manufacturing, industrial, mechanical"
HIGH_00901,HIGH,5,0.5994552373886108,0.4604495167732239,0.850591242313385,"office, clerk, home, care, aide, administrative, assistant, mover, exhibition, curator"
HIGH_02847,HIGH,5,0.5988354086875916,0.4780411422252655,0.7530608773231506,"manager, public, relations, technical, communicator, spokesperson, officer, ebusiness, online, marketer, business, analyst, office"
HIGH_02535,HIGH,5,0.5985657572746277,0.4904894828796386,1.0,"sewing, machinist, building, construction, worker, shelf, filler"
HIGH_02776,HIGH,5,0.5984821319580078,0.4623958170413971,0.8863024711608887,"commercial, sales, representative, destination, manager, office, clerk"
HIGH_00328,HIGH,5,0.5972394943237305,0.4612736105918884,0.8324943780899048,"security, guard, postman, postwoman, usher"
HIGH_01176,HIGH,5,0.5970000624656677,0.459850013256073,0.8119495511054993,"metal, sawing, machine, operator, worker, motor, vehicle, parts, assembler, building, construction, mover, civil, engineering, factory, hand, hairdresser"
HIGH_02272,HIGH,5,0.5968232750892639,0.513428270816803,0.6799390316009521,"assistant, secondary, school, teacher, editorial, management, healthcare, administrative, sales, support"
HIGH_01550,HIGH,5,0.5948283076286316,0.4627777636051178,0.7103661894798279,"chief, executive, officer, hairdresser, assistant, lecturer, accountant, purchaser, psychotherapist"
HIGH_02096,HIGH,5,0.5946604013442993,0.4571341276168823,0.8388011455535889,"worker, building, construction, crop, production, metal, sawing, machine, operator, factory, hand, mover, postman, postwoman, recycling"
HIGH_02294,HIGH,5,0.5916503667831421,0.4822834730148315,0.9999999403953552,"technician, engineering, power, tool, repair, instrumentation, electromechanical, industrial, electrician"
HIGH_02723,HIGH,5,0.5915212035179138,0.491129606962204,0.9999998807907104,"worker, vehicle, maintenance, attendant, building, construction, civil, engineering, factory, hand"
HIGH_01383,HIGH,5,0.5908544659614563,0.4624504745006561,0.7486066818237305,"market, research, analyst, purchaser, bookkeeper, administrative, assistant, online, marketer, marketing, consultant"
HIGH_01502,HIGH,5,0.5902284979820251,0.465378850698471,0.7064723968505859,"manager, regulatory, affairs, assistant, lecturer, project, chemist, microbiologist, operations"
HIGH_02795,HIGH,5,0.589950680732727,0.4733906686306,0.9999999403953552,"manager, real, estate, industrial, production, office, clerk, construction, agent"
HIGH_02471,HIGH,5,0.589553952217102,0.5094098448753357,0.7293375730514526,"building, construction, worker, mover, garden, labourer"
HIGH_02327,HIGH,5,0.5889285802841187,0.500117301940918,0.6709328889846802,"wearing, apparel, patternmaker, home, care, aide, sales, assistant, manager, mover, office, event"
HIGH_02643,HIGH,5,0.5884925723075867,0.4716796875,1.0000001192092896,"human, resources, manager, office, clerk, assistant, lecturer, secretary"
HIGH_02537,HIGH,5,0.5871360301971436,0.4673646986484527,0.8918159008026123,"financial, planner, management, assistant, civil, engineer"
HIGH_02763,HIGH,5,0.5836830735206604,0.4592790305614471,0.9999999403953552,"financial, planner, manager, accounting, controller, employment, agent"
HIGH_02704,HIGH,5,0.5831103920936584,0.4525427222251892,0.9999999403953552,"mover, food, production, operator, office, clerk, interpreter"
HIGH_00891,HIGH,5,0.5830677151679993,0.4892034530639648,1.0,"dental, chairside, assistant, shelf, filler, mover, office, clerk"
HIGH_00269,HIGH,5,0.5819674730300903,0.4811367690563202,0.6826497316360474,"building, construction, worker, printed, circuit, board, assembler, garden, labourer, mover, shelf, filler"
HIGH_02632,HIGH,5,0.5810980200767517,0.4722302854061126,0.865440845489502,"office, clerk, sales, support, assistant, bookkeeper, mover, purchaser"
HIGH_01432,HIGH,5,0.580396831035614,0.4534298181533813,1.0000001192092896,"worker, heating, technician, building, construction, civil, engineering, livestock"
HIGH_01797,HIGH,5,0.5760258436203003,0.4809905290603637,0.9999998807907104,"home, care, aide, shelf, filler, motor, vehicle, parts, assembler, healthcare, assistant, payroll, clerk"
HIGH_02686,HIGH,5,0.5747827291488647,0.4780298471450805,1.0,"factory, hand, metal, sawing, machine, operator, garden, labourer"
HIGH_00916,HIGH,5,0.5729223489761353,0.4619705080986023,0.6464626789093018,"assistant, sales, shelf, filler, mover, management, receptionist, musician"
HIGH_02098,HIGH,5,0.572295069694519,0.4718632698059082,1.0000001192092896,"building, construction, worker, shelf, filler, mover"
HIGH_01725,HIGH,5,0.5633172392845154,0.4842609167098999,0.7085134387016296,"mover, metal, sawing, machine, operator, inventory, coordinator, factory, hand"
HIGH_01830,HIGH,5,0.5625672340393066,0.4576494991779327,0.7325034141540527,"worker, crop, production, shelf, filler, building, construction, recycling, mover"
HIGH_02165,HIGH,5,0.5622639060020447,0.4946340322494507,0.7829638719558716,"product, quality, controller, shelf, filler, healthcare, assistant, mover"
HIGH_01335,HIGH,5,0.559190034866333,0.4579870402812958,0.6490298509597778,"assistant, sales, support, specialised, seller, management, mover"
HIGH_02848,HIGH,5,0.5576833486557007,0.4534756243228912,0.9999999403953552,"clerk, tax, accountant, office, secretary, auditing"
HIGH_01540,HIGH,5,0.5561916828155518,0.4544596970081329,0.6618114113807678,"industrial, machinery, mechanic, technician, engineering, chemistry, mechatronics, heating"
HIGH_01594,HIGH,5,0.5561493039131165,0.4739506244659424,0.9999999403953552,"manager, department, project, librarian, hospitality, revenue, ebusiness"
HIGH_02437,HIGH,5,0.5547739863395691,0.4563558101654053,0.6796074509620667,"shelf, filler, sales, assistant, home, care, aide"
HIGH_02415,HIGH,5,0.5522224307060242,0.4593179225921631,1.000000238418579,"motor, vehicle, parts, assembler, mover, gaming, inspector, technical, communicator, solderer"
HIGH_02221,HIGH,5,0.5494455099105835,0.4692610502243042,0.6816875338554382,"healthcare, assistant, metal, sawing, machine, operator, factory, hand, mover"
HIGH_02048,HIGH,5,0.5475770831108093,0.4549460411071777,0.9999999403953552,"disability, support, worker, assistant, building, caretaker, healthcare, management, cook"
HIGH_02274,HIGH,5,0.5452409982681274,0.4541956484317779,0.9999999403953552,"manager, department, chief, executive, officer, bank, account, home, care, aide, branch"
HIGH_02403,HIGH,5,0.5263569355010986,0.4737559854984283,0.5845229625701904,"engineer, chief, executive, officer, marine, quality, civil, research, electrical"
HIGH_02465,HIGH,5,0.5194015502929688,0.452409416437149,0.6404288411140442,"manager, technical, sales, representative, human, resources, membership, office, branch, purchaser"
HIGH_02388,HIGH,5,0.4870998859405517,0.4523864984512329,0.5165160298347473,"worker, foster, care, support, postman, postwoman, product, quality, controller, social, healthcare, assistant, mover, garden, labourer"
HIGH_02129,HIGH,5,0.472453773021698,0.4528345167636871,0.4967339634895324,"shelf, filler, cook, clerk, ticket, issuing, office, management, assistant, fitness, instructor"
HIGH_02251,HIGH,5,0.4696703553199768,0.4541986882686615,0.5523877143859863,"vehicle, motor, parts, assembler, metal, sawing, machine, operator, mover, gaming, inspector, maintenance, attendant, factory, hand, postman, postwoman"
LOW_03435,LOW,7,0.03308139368891716,0.0,0.6947092413902283,"scientist, database, integrator, bioinformatics, presenter, shelf, filler, assistant, lecturer, inventory, coordinator, data, technical, communicator"
LOW_03462,LOW,7,0.12187927961349487,0.0,0.7131361365318298,"sales, manager, mover, account, centre, assistant, technical, representative, membership, contact, supervisor"
LOW_03377,LOW,7,0.01731949672102928,0.0,0.1809576004743576,"technician, environmental, assistant, electromechanical, engineering, cook, lecturer, scientific, laboratory, postman, postwoman, chemistry, scientist, health, inspector, telecommunications, household, appliances, repair, plasterer, social, work, human, resources, police, officer"
LOW_03375,LOW,7,0.03851401060819626,0.0,0.3692569136619568,"manager, healthcare, institution, sales, account, ict, project, administrator, specialist, nurse, assistant, mover, restaurant, translator, secretary, chief, information, officer, office"
LOW_03324,LOW,7,0.011650319211184978,0.0,0.24465669691562653,"assistant, dental, chairside, medical, administrative, management, shelf, filler, home, care, aide, secretary, factory, hand, centre, agent, sales, office, clerk, healthcare"
LOW_03401,LOW,6,0.0,0.0,0.0,"centre, agent, wood, caulker, secretary, contact, supervisor, office, clerk, shelf, filler, factory, hand, raw, materials, warehouse, specialist, security, guard, human, resources, assistant"
LOW_03442,LOW,6,0.008298275992274284,0.0,0.12447413802146912,"designer, assistant, digital, media, graphic, sales, shelf, filler, scientist, welder, web, forensics, expert, kitchen, lecturer, engine"
LOW_03448,LOW,6,0.1152571961283683,0.0,1.0,"geologist, assistant, lecturer, chemistry, technician, geographer, hydrologist, mover"
LOW_03464,LOW,6,0.17407605051994324,0.0,0.4234958291053772,"protection, assistant, technician, pharmacy, domestic, cleaner, data, officer, statistician, house, sitter, scientist, human, resources, mover, shelf, filler"
LOW_03447,LOW,6,0.08056654036045074,0.0,0.32696160674095154,"translator, teacher, school, building, construction, worker, vocational, kitchen, assistant, shelf, filler, higher, education, lecturer, language, secondary"
LOW_03427,LOW,6,0.1090572252869606,0.0,0.2243590950965881,"assistant, administrative, medical, specialist, nurse, sales, higher, education, lecturer, employment, agent, product, quality, controller, secretary"
LOW_03437,LOW,6,0.0762405395507812,0.0,0.660065233707428,"assembler, industrial, machinery, mechanic, mover, printed, circuit, board, motor, vehicle, parts, cook, bicycle, mechatronics, electromechanical, engineering, technician"
LOW_03180,LOW,6,0.01850190944969654,0.0,0.07808347791433334,"sales, assistant, representative, manager, centre, agent, commercial, shelf, filler, technical, account, home, care, aide, brand, raw, materials, warehouse, specialist, support, domestic, cleaner, mover, metal, sawing, machine, operator, specialised, seller"
LOW_02868,LOW,6,0.0,0.0,0.0,"midwife, veterinary, technician, advanced, nurse, practitioner, shelf, filler, mover, swimming, teacher, human, resources, officer, sales, assistant"
LOW_03362,LOW,6,0.0113884909078478,0.0,0.0565390810370445,"manager, delicatessen, specialised, seller, sales, assistant, beauty, salon, office, sociologist, human, resources, advertising, information, armed, forces, officer, bank, teller, specialist"
LOW_03325,LOW,6,0.0026509810704737,0.0,0.03976471722126,"insurance, management, assistant, broker, clerk, bank, teller, financial, planner, mutual, fund, dietitian, business, economics, researcher, bookkeeper, rating, analyst, digital, forensics, expert, office, centre, agent"
LOW_03449,LOW,5,0.1187247186899185,0.0,0.4632415473461151,"manager, sales, operations, account, instrumentation, engineering, technician, technical, representative, shelf, filler, assistant, office, specialised, seller"
LOW_03413,LOW,5,0.0925569757819175,0.0,0.7141116261482239,"spokesperson, public, relations, officer, security, guard, technical, communicator, secondary, school, teacher, journalist, mover"
LOW_03425,LOW,5,0.0735608786344528,0.0,0.7356087565422058,"producer, picture, video, motion, editor, copy, technical, communicator, social, pedagogue, language, school, teacher, shelf, filler"
LOW_03422,LOW,5,0.052575446665287,0.0,0.2324758470058441,"manager, sales, accommodation, prepress, technician, membership, support, assistant, office, ict, project, department"
LOW_03416,LOW,5,0.0199083257466554,0.0,0.1990832537412643,"manager, sales, assistant, account, project, operations, office, raw, materials, warehouse, specialist, postman, postwoman, mover, logistics, distribution"
LOW_03321,LOW,5,0.0174262858927249,0.0,0.1479135602712631,"adviser, sales, investment, primary, school, teacher, assistant, loan, officer, credit, technical, representative, social, pedagogue, venture, capitalist, contact, centre, supervisor, purchaser"
LOW_03386,LOW,5,0.0144810276105999,0.0,0.1448102742433548,"mover, shelf, filler, home, care, aide, security, guard, building, construction, worker, sales, assistant, printed, circuit, board, assembler"
LOW_02877,LOW,5,0.0045061213895678,0.0,0.0450612120330333,"sales, assistant, account, manager, vehicle, shelf, filler, commercial, representative, building, construction, worker, technician, maintenance, attendant, textile, specialised, seller"
MID_00909,MID,6,0.7259847521781921,0.1779543459415435,0.9999999403953552,"mover, house, sitter, building, construction, worker"
MID_01648,MID,6,0.7257814407348633,0.1773443818092346,1.0,"mover, sales, assistant, postman, postwoman"
MID_00655,MID,6,0.725653350353241,0.1769600808620453,0.9999999403953552,"vehicle, maintenance, attendant, operator, food, production, metal, sawing, machine"
MID_01259,MID,6,0.7115181088447571,0.1345543414354324,1.0,"mover, clothing, alteration, machinist, cutter"
MID_04308,MID,6,0.6340300440788269,0.119756169617176,1.0000001192092896,"civil, engineer, manager, construction, healthcare, institution, drafter"
MID_03554,MID,6,0.5845859050750732,0.1722728908061981,1.0000001192092896,"corporate, trainer, human, resources, officer, assistant, psychologist, education, policy"
MID_03090,MID,6,0.5734232068061829,0.15918730199337,1.0,"centre, agent, secretary, shelf, filler, telephone, switchboard, operator"
MID_01338,MID,6,0.522607147693634,0.1698804795742035,1.0000001192092896,"specialist, shelf, filler, raw, materials, warehouse, postman, postwoman, nurse, mover"
MID_01761,MID,6,0.5132004022598267,0.1762688755989074,0.9999999403953552,"manager, industrial, production, chief, executive, officer, machine, operator, supervisor, real, estate"
MID_02822,MID,6,0.4798590242862701,0.1017743498086929,1.0000001192092896,"worker, social, support, employment, mover, interpreter, disability, healthcare, assistant"
MID_03121,MID,6,0.4599776864051819,0.1118806675076484,0.9999998807907104,"microbiologist, biologist, regulatory, affairs, manager, mover, auditing, clerk"
MID_04395,MID,6,0.4525060653686523,0.1018311828374862,1.0000001192092896,"nanny, home, care, aide, dental, chairside, assistant, centre, agent"
MID_03964,MID,6,0.4472298920154571,0.1363572478294372,0.9999999403953552,"school, teacher, primary, language, shelf, filler, management, assistant, rental, service, representative, cars, light, motor, vehicles, mover"
MID_03926,MID,6,0.4455341398715973,0.1034399271011352,0.9999999403953552,"maker, mover, lacquer, cook, cabinet"
MID_03584,MID,6,0.431395560503006,0.1345440000295639,0.8364204168319702,"marketing, consultant, manager, ebusiness, advertising, digital, assistant"
MID_02755,MID,6,0.3945267796516418,0.1746251732110977,1.0000001192092896,"mover, technician, chemistry, protection, telecommunications, ict, developer"
MID_01845,MID,6,0.3690899312496185,0.1716282069683075,0.5467149615287781,"chief, executive, officer, manager, construction, electrical, engineering, technician, accountant, project, garage, department"
MID_03367,MID,6,0.3414542376995086,0.0967665165662765,1.0,"production, worker, building, construction, mover, food, operator, crop, vehicle, maintenance, attendant"
MID_00188,MID,6,0.3348990678787231,0.1416294872760772,1.0,"worker, office, support, clerk, social, disability, foster, care, mechanical, engineering, drafter, doctors, surgery, assistant, mover, shelf, filler, manager"
MID_00731,MID,6,0.3143020570278168,0.1170863062143325,0.9999999403953552,"educational, researcher, manager, project, assistant, language, school, teacher, centre, agent, healthcare, community, development, officer, geographer, lecturer, human, resources"
MID_03387,MID,6,0.3074723780155182,0.1387536823749542,0.5373836755752563,"lecturer, higher, education, manager, green, ict, consultant, project, fundraising, ebusiness, business, gate, guard, product, assistant, architect"
MID_01597,MID,6,0.3068485260009765,0.1496355086565017,0.705738365650177,"assistant, manager, ict, vendor, relationship, sales, support, management, bookkeeper, special, groups, official, social, pedagogue, account, hotel, porter, shelf, filler"
MID_02648,MID,6,0.2997188568115234,0.1388747841119766,0.7923204302787781,"technician, repair, power, tool, manager, project, mover, operations, consumer, electronics, telecommunications, household, appliances, product, maintenance, engineer"
MID_00461,MID,6,0.2972216010093689,0.1772236675024032,0.3602165579795837,"technician, household, appliances, repair, lieutenant, project, manager, sales, assistant, postman, postwoman, mover, raw, materials, warehouse, specialist, telecommunications, automation, engineering, chief, executive, officer, office, clerk, building, caretaker"
MID_03466,MID,6,0.2941627204418182,0.1434575468301773,0.8334113359451294,"worker, care, foster, support, social, child, pedagogue, chemistry, technician, human, resources, officer, nanny, community"
MID_03698,MID,6,0.2733955979347229,0.1070760190486908,1.0,"clerk, human, resources, assistant, payroll, religion, office, project, manager, lecturer, minister, officer, interpreter, scientific, researcher, data, entry, higher, education"
MID_02473,MID,6,0.2662306427955627,0.0994785204529762,0.8762582540512085,"manager, vehicle, maintenance, attendant, project, centre, advertising, copywriter, assistant, agent, technical, lecturer, sales, ebusiness, communicator, public, relations, tourism, product, representative, shelf, filler, postman, postwoman"
MID_02538,MID,6,0.2642095386981964,0.1700462698936462,0.3359019756317138,"secretary, hotel, porter, bookkeeper, hairdresser, ski, instructor, accountant, interpreter"
MID_03598,MID,6,0.2595710456371307,0.1370785236358642,1.0,"worker, postman, postwoman, crop, production, building, construction, recycling, civil, engineering"
MID_03130,MID,6,0.2460260242223739,0.1258253008127212,0.4144962131977081,"bookkeeper, accounting, assistant, quantity, surveyor, mover, nanny, statistician, librarian"
MID_01069,MID,6,0.2447790056467056,0.0972521007061004,1.0,"social, worker, teacher, school, educational, researcher, secondary, language, primary, community, special, needs, pedagogue, administrative, assistant, vocational"
MID_01563,MID,6,0.2368235886096954,0.1082467287778854,0.3757100701332092,"manager, services, product, food, production, operator, quality, healthcare, inspector, business, analyst, assistant, lecturer, cloud, architect, commercial, sales, representative, metallurgical, electronics, drafter"
MID_02026,MID,6,0.2350176274776458,0.1772302836179733,1.0,"specialised, seller, bookkeeper, food, production, operator, primary, school, teacher, checkout, supervisor, management, assistant, dental, technician"
MID_03932,MID,6,0.2344526499509811,0.0970032662153244,0.9999998211860656,"management, assistant, teacher, secretary, school, secondary, primary, vocational, journalist, chemistry, technician, bookkeeper"
MID_02832,MID,6,0.2333694100379943,0.1655353605747223,0.6044807434082031,"sales, representative, manager, technical, membership, commercial, client, relations, electronic, telecommunications, equipment, live, chat, operator, vocational, teacher, project, vineyard, cellar, master"
MID_04043,MID,6,0.2320989817380905,0.1379823684692382,0.5800674557685852,"centre, agent, sales, assistant, contact, supervisor, market, research, interviewer, office, clerk, mover, corporate, trainer, home, care, aide"
MID_00283,MID,6,0.2264499366283416,0.1464697569608688,1.0000001192092896,"management, assistant, mover, officer, education, policy, loan, chief, executive, mathematician"
MID_03721,MID,6,0.2240200489759445,0.1254389882087707,0.3583129644393921,"developer, web, software, manager, architect, business, analyst, centre, agent, project, chief, information, officer, content, product, services, assistant, lecturer, digital, media, designer"
MID_00251,MID,6,0.2218173593282699,0.0960723087191581,0.9999999403953552,"construction, building, worker, mover, cabinet, maker, machine, operator, shelf, filler, metal, sawing, telecommunications, technician, factory, hand, concrete, products, interior, planner, home, care, aide, painter"
MID_02061,MID,6,0.2208029180765152,0.1561006903648376,1.0,"groom, office, clerk, social, pedagogue, sales, assistant, horse, trainer, mover"
MID_00040,MID,6,0.2195042669773101,0.1345234364271164,0.6263056397438049,"manager, quality, industrial, project, officer, department, engineer, chief, executive, construction, mover, postman, postwoman, community, development, advertising, event, assistant, lecturer"
MID_03505,MID,6,0.2190250754356384,0.1445663720369339,0.3613477945327759,"clerk, metal, sawing, machine, operator, office, assistant, data, entry, management, meat, shelf, filler, mover, products, specialised, seller, home, care, aide, human, resources, interpreter, rescue, centre, manager, factory, hand"
MID_02719,MID,6,0.2147893756628036,0.1759849041700363,0.4336634278297424,"sales, manager, account, assistant, shelf, filler, healthcare, office, purchasing, representative, hairdresser, legal, administrative, hotel, porter, clerk, postman, postwoman, technical, commercial"
MID_04240,MID,6,0.2060573697090149,0.1026100367307663,1.0,"manager, management, assistant, event, restaurant, medical, practice, financial, broker, rooms, division, branch"
MID_04187,MID,6,0.2053175419569015,0.1035023778676986,0.3258900642395019,"manager, project, office, financial, assistant, engineer, bookkeeper, quality, lecturer, video, motion, picture, director, clerk, aftersales, service, manufacturing, psychotherapist, employment, agent, advertising"
MID_03789,MID,6,0.2037391364574432,0.0992632582783699,0.4575364291667938,"police, officer, centre, agent, mixed, farmer, detective, lawyer, inspector, air, traffic, manager, cabinet, maker, data, operator"
MID_03676,MID,6,0.203342005610466,0.1033638641238212,0.8709536790847778,"manager, business, analyst, supply, chain, translator, mergers, acquisitions, intelligence, cybersecurity, risk, advertising, pharmacist, enterprise, architect"
MID_02442,MID,6,0.2018952667713165,0.1428981274366378,0.4193497598171234,"assistant, administrative, medical, dental, chairside, nanny, biologist, librarian, textile, quality, technician, industrial, designer, contact, centre, supervisor"
MID_03259,MID,6,0.2015289664268493,0.1349420845508575,0.5970200896263123,"bank, teller, manager, loan, officer, assistant, sales, credit, administrative, account, accountant, management, commercial, representative, securities, underwriter, accounting, support, office, clerk, department"
MID_03631,MID,6,0.1991769522428512,0.1047143787145614,0.3675010502338409,"manager, specialised, seller, motor, vehicles, meat, human, resources, purchasing, products, office, purchaser, aftersales, service, furniture, assistant, property, acquisitions, branch, department, insurance, agency"
MID_04340,MID,6,0.1991077065467834,0.1049381420016288,0.4683421552181244,"specialised, doctor, general, practitioner, psychologist, paramedic, emergency, responses, optician, mover"
MID_00870,MID,6,0.1989912390708923,0.1008538752794265,1.0000001192092896,"manager, membership, employment, agent, business, analyst, client, relations, ebusiness, speech, language, therapist, event, accountant, freight, transport, dispatcher"
MID_02668,MID,6,0.1972377449274063,0.1034445464611053,0.4207287728786468,"data, warehouse, designer, business, analyst, assistant, lecturer, manager, public, relations, officer, event, technical, sales, representative, database, integrator, project"
MID_03314,MID,6,0.1967715173959732,0.1009734123945236,0.9999999403953552,"social, worker, clerk, tax, assistant, lecturer, community, higher, education, sociologist, work, bookkeeper, office, healthcare, health, specialist, nurse"
MID_04167,MID,6,0.1949252188205719,0.1266721785068512,0.3129009902477264,"bookkeeper, manager, financial, business, branch, accommodation, destination, cybersecurity, risk"
MID_04312,MID,6,0.1916175037622451,0.1583130955696106,0.2346229404211044,"assistant, dental, chairside, administrative, legal, centre, hairdresser, clerk, contact, supervisor, agent, make, hair, designer, early, years, teaching, file, data, entry"
MID_00580,MID,6,0.1871516406536102,0.1420406699180603,0.5734459161758423,"supervisor, industrial, maintenance, technician, engineering, chemistry, telecommunications, building, caretaker, production, electromechanical, automotive"
MID_04232,MID,6,0.1833133995532989,0.1018680408596992,0.489585280418396,"therapist, music, complementary, dancer, art, manager, dance, minister, religion, sergeant, membership, accommodation"
MID_03140,MID,6,0.1762624830007553,0.1009833738207817,0.8310232758522034,"sociologist, education, higher, lecturer, journalist, food, production, operator, policy, officer, home, care, aide, hotel, porter"
MID_04002,MID,6,0.1760806292295456,0.1340547949075698,0.298394113779068,"social, security, officer, manager, assistant, centre, agent, green, ict, consultant, clerk, management, insurance, health, safety, environmental, human, resources, event, logistics, distribution, membership, commercial, sales, representative, medical, administrative, cybersecurity, risk, software"
MID_01440,MID,6,0.174395740032196,0.1273581534624099,0.2968823611736297,"specialised, seller, sales, worker, assistant, food, service, care, account, manager, crop, production, centre, mover, home, aide, bakery, textile, agent, fuel, station, contact, supervisor, social, child, building, materials"
MID_04203,MID,6,0.1730284392833709,0.1065893918275833,0.503075361251831,"lecturer, assistant, speech, language, therapist, sociologist, higher, education, scientist, green, ict, consultant, career, guidance, advisor, environmental, software, developer, computer, offshore, renewable, energy, technician"
MID_03804,MID,6,0.1723615974187851,0.1283117234706878,0.5068764686584473,"computer, scientist, ict, green, consultant, administrator, analyst, purchaser, higher, education, lecturer, business, cook, home, care, aide, application, developer"
MID_02813,MID,6,0.1715195327997207,0.1237968951463699,0.2766198217868805,"technician, assistant, sales, biotechnical, stage, veterinary, chemistry, quality, engineering, coordinator, healthcare, centre, agent, telecommunications"
MID_02175,MID,6,0.1677548438310623,0.1031476333737373,0.342982143163681,"manager, sales, branch, project, machine, operator, chief, executive, officer, product, department, destination, engineer, coating, supervisor, property, acquisitions, software, developer, office, membership"
MID_02684,MID,6,0.1677244752645492,0.1256485134363174,0.3748706579208374,"manager, advertising, specialist, promotion, product, membership, online, marketer, brand, purchaser"
MID_01694,MID,6,0.1670070588588714,0.1084093078970909,0.5558409094810486,"assistant, domestic, housekeeper, home, care, aide, healthcare, cook, mover, building, caretaker, dental, chairside, specialist, nurse, chemistry, technician"
MID_03637,MID,6,0.1657670587301254,0.1148281395435333,0.2337415665388107,"lecturer, assistant, manager, research, engineer, higher, education, project, political, party, agent, physicist, development, electrical, ict, membership, chemistry, technician, medical, laboratory, biologist, product, microbiologist, specialist, chiropractor"
MID_01618,MID,6,0.1642678827047348,0.1343930959701538,0.2419771701097488,"developer, web, ict, manager, research, engineer, data, centre, operator, hotel, porter, head, chef, application, product, project, administrator, heating, technician"
MID_02321,MID,6,0.1637829095125198,0.1134443059563636,0.2894276976585388,"officer, manager, education, policy, public, relations, consultant, business, archaeologist, cultural, lecturer, facilities, corporate, trainer, journalist, assistant, green, ict, office, higher, spokesperson, file, clerk"
MID_02002,MID,6,0.1636914759874344,0.1557593643665313,0.1785631328821182,"sales, assistant, specialised, seller, commercial, representative, jewellery, watches, pet, audio, video, equipment, account, manager, cosmetics, perfume, advertising, specialist, textile, factory, hand, office, clerk, building, materials, food, hotel, porter"
MID_01233,MID,6,0.1632743924856186,0.1177037134766578,0.3138625025749206,"manager, industrial, engineer, production, supervisor, maintenance, electrical, construction, garage, operations, research, destination, mechanical, general, repair, paper, application, aftersales, service"
MID_02190,MID,6,0.1613055020570755,0.1022359207272529,0.2357331067323684,"manager, purchaser, supply, chain, chief, executive, officer, business, project, product, logistics, distribution, branch, analyst, consultant, ict, destination"
MID_02664,MID,6,0.1583024859428405,0.1237210258841514,0.3974834382534027,"stock, trader, centre, agent, specialised, seller, financial, broker, rolling, inspector, mover, business, consultant, accountant, chief, executive, officer, office, manager"
MID_02904,MID,6,0.1581398397684097,0.0970372036099433,0.2631351947784424,"tax, clerk, bookkeeper, manager, financial, planner, assistant, human, resources, advisor, sport, facility, online, marketer, advertising, specialist, accounting, mover, logistics, distribution, office"
MID_01434,MID,6,0.1580199748277664,0.0972427055239677,0.3998355567455292,"manager, purchasing, business, office, clerk, purchaser, consultant, logistics, distribution, product, brand, project, supply, chain, management, assistant, analyst"
MID_01460,MID,6,0.1538887470960617,0.1246354728937149,0.2238195985555648,"manager, event, assistant, business, client, relations, cultural, facilities, doctors, surgery, bookkeeper, wearing, apparel, patternmaker, employment, agent, accounting, commissioning, engineer, consultant"
MID_03202,MID,6,0.1495228111743927,0.1170331537723541,0.1717113107442855,"mover, technician, biotechnical, chemistry, shelf, filler, road, maintenance, heating, groom, electrical, engineering, industrial, designer, offshore, renewable, energy"
MID_02910,MID,6,0.1490347981452942,0.1034600734710693,0.2323397696018219,"manager, sales, engineer, product, human, resources, project, process, account, property, acquisitions, design, architect"
MID_03697,MID,6,0.1411665380001068,0.1307069510221481,0.2423456460237503,"assistant, lecturer, psychologist, museum, scientist, process, engineer, early, years, teacher, pharmacist, product, quality, controller, clinical"
MID_03503,MID,6,0.1399359405040741,0.0973407998681068,0.2473348677158355,"sales, assistant, clerk, mover, data, entry, office, payroll, medical, records, insurance, account, manager"
MID_03639,MID,6,0.1386442482471466,0.0988680347800254,0.3576104938983917,"manager, project, ict, officer, software, developer, chief, information, executive, membership, supply, chain, industrial, engineering, technician, administrator, assistant, lecturer, arts, education"
MID_03694,MID,6,0.1382528841495514,0.1004238054156303,0.1799086034297943,"assistant, human, resources, management, financial, planner, administrative, specialist, foreign, language, correspondence, clerk, civil, service, officer, corporate, trainer, office, manager, business, consultant, import, export, bookkeeper, advertising, editorial, data, centre, operator, higher"
MID_03908,MID,6,0.1370563954114914,0.1020438149571418,0.2029513567686081,"worker, social, agent, employment, special, educational, needs, teacher, secondary, school, lecturer, trainer, manager, home, centre, community, health, higher, education, personal, corporate, fundraising, pedagogue, care, aide, assistant, elderly"
MID_03947,MID,6,0.1336504369974136,0.0966755673289299,0.3595173358917236,"designer, web, centre, contact, supervisor, developer, ict, application, industrial, stage, director, software, prepress, technician, agent, freight, transport, dispatcher, factory, hand, office, manager, graphic, machinery, mechanic"
MID_02112,MID,6,0.1296903043985366,0.109280951321125,0.1728858351707458,"heating, technician, industrial, machinery, mechanic, operator, door, underground, heavy, equipment, project, manager, domestic, energy, assessor, metal, sawing, machine, seller, printed, circuit, board, assembler, mover, food, production"
MID_02023,MID,6,0.1243729293346405,0.0971507430076599,0.1749490201473236,"sales, assistant, support, meat, centre, specialised, seller, agent, night, auditor, products, operator, cabinet, maker, commercial, representative, membership, manager, purchaser, metal, sawing, machine, shelf, filler, live, chat, contact, supervisor, hotel, porter"
MID_04050,MID,6,0.1181672662496566,0.0980197787284851,0.1640275567770004,"ict, manager, analyst, business, project, network, technician, officer, chief, information, ebusiness, tourist, guide, product, services, activism, data, engineer, factory, hand, green, consultant, trainer, research"
MID_04135,MID,6,0.1167222559452056,0.0996420755982399,0.1822937875986099,"manager, social, worker, officer, advertising, assistant, project, chief, executive, human, resources, postman, postwoman, tourist, guide, library, public, relations, interpreter, statistician, community, costume, attendant, management, shelf, filler, mover, event, operations"
MID_01403,MID,6,0.1165979355573654,0.0961828306317329,0.1511110514402389,"sales, centre, technical, representative, agent, supervisor, assistant, contact, hotel, porter, postman, postwoman, industrial, machinery, mechanic, coordinator, household, appliances, repair, technician, support, software, architect, electronic, telecommunications, equipment, green, ict, consultant, machine"
MID_00369,MID,5,0.6715893745422363,0.1789734214544296,1.0,"sales, assistant, manager, office, machine, operator, supervisor, account"
MID_01435,MID,5,0.6715285181999207,0.1788213849067688,1.0,"sales, assistant, centre, agent, mover"
MID_03557,MID,5,0.6686962246894836,0.1717405915260315,0.9999999403953552,"occupational, therapist, home, care, aide, social, pedagogue, postman, postwoman"
MID_03300,MID,5,0.6143258810043335,0.1717477142810821,1.0,"sales, assistant, audio, video, equipment, specialised, seller, shelf, filler, account, manager, motor, vehicle, parts, assembler, sewing, machinist, management"
MID_01529,MID,5,0.5958806276321411,0.1786996573209762,1.0000001192092896,"school, teacher, secondary, language, food, production, operator, translator"
MID_04116,MID,5,0.5650012493133545,0.1580741107463836,1.0,"bookkeeper, tax, clerk, advisor"
MID_03494,MID,5,0.5546826124191284,0.1449340432882309,1.0,"worker, crop, production, mover, metal, sawing, machine, operator, recycling"
MID_04282,MID,5,0.5483059883117676,0.1520340740680694,0.8937288522720337,"technician, domestic, electrician, power, tool, repair, electrical, equipment, production, supervisor, instrumentation, engineering, factory, hand, mover, radio"
MID_01351,MID,5,0.5449230074882507,0.1781215071678161,1.0,"worker, building, construction, production, food, operator, civil, engineering, mover, crop"
MID_00688,MID,5,0.5354231595993042,0.1708754301071167,1.0000001192092896,"worker, social, dental, chairside, assistant, community, geology, technician, youth, typist, pastoral"
MID_04338,MID,5,0.5258804559707642,0.1209745034575462,0.9087063670158386,"dental, medical, practice, manager, chairside, assistant, practitioner"
MID_01305,MID,5,0.5189157724380493,0.1787926405668258,1.0,"garden, labourer, groom, recycling, worker, mover, food, production, operator, lieutenant"
MID_04344,MID,5,0.50959712266922,0.0966345816850662,0.9999999403953552,"inspector, gaming, hairdresser, assistant, lecturer, environmental, health, tennis, coach"
MID_04193,MID,5,0.4753663539886474,0.1627846509218216,1.0,"electrician, industrial, domestic, electrical, engineer, building, caretaker"
MID_01292,MID,5,0.4592587053775787,0.1663894355297088,1.0,"assistant, manager, lecturer, project, microbiologist, department, administrative, ict"
MID_01705,MID,5,0.4333892464637756,0.1764502376317978,0.9999998211860656,"metal, machine, operator, mover, drawing, gaming, dealer, sawing"
MID_00806,MID,5,0.4278438985347748,0.1785973757505417,0.9999998807907104,"assistant, sales, healthcare, shelf, filler, secretary"
MID_04026,MID,5,0.4264229238033294,0.1154833361506462,1.0000001192092896,"physicist, assistant, lecturer, insurance, rating, analyst, biophysicist"
MID_04078,MID,5,0.4246899485588074,0.1159090995788574,0.9123364090919496,"food, production, operator, sales, assistant, mover, account, manager"
MID_01448,MID,5,0.4171634316444397,0.1645025908946991,1.0000001192092896,"psychologist, assistant, lecturer, software, developer, production, engineer"
MID_02291,MID,5,0.4004924893379211,0.0985626801848411,1.000000238418579,"specialised, seller, meat, centre, agent, bakery, flower, garden, products, restaurant, manager, accounting, assistant"
MID_00064,MID,5,0.3981696367263794,0.1000809147953987,1.0,"tourist, guide, centre, agent, architect, office, clerk, home, care, aide, city, councillor, gate, guard, civil, service, administrative, officer, human, resources, assistant, financial, manager"
MID_03304,MID,5,0.39113649725914,0.0969294533133506,1.0,"lecturer, researcher, psychologist, higher, education, educational, assistant, religion, scientific, business, economics"
MID_03040,MID,5,0.3890742659568786,0.151253193616867,0.8357276320457458,"worker, social, educational, researcher, teacher, school, higher, education, lecturer, secondary, foster, care, support, vocational, psychologist, healthcare, assistant, language"
MID_02511,MID,5,0.3752143979072571,0.1349615305662155,0.8714959621429443,"designer, graphic, fashion, architect, clothing, audio, visual, technician, interior"
MID_01294,MID,5,0.3618742823600769,0.1765426248311996,0.9999999403953552,"specialised, seller, tool, die, maker, mover, department, manager, musician"
MID_01284,MID,5,0.3592003583908081,0.15743950009346,1.0,"physiotherapist, office, clerk, garden, labourer, fitness, instructor"
MID_04281,MID,5,0.3573179841041565,0.1443966329097747,0.9999999403953552,"financial, planner, bookkeeper, manager, accountant, management, assistant"
MID_03350,MID,5,0.3535658717155456,0.1011663675308227,1.0000001192092896,"accountant, financial, fraud, examiner, tax, advisor, auditor"
MID_03867,MID,5,0.3420496881008148,0.1049766018986702,1.0000001192092896,"mover, worker, metal, sawing, machine, operator, building, construction, recycling, postman, postwoman, printed, circuit, board, assembler"
MID_04280,MID,5,0.3347910046577453,0.1654482930898666,1.0000001192092896,"domestic, housekeeper, home, care, aide, cook, mover, freight, transport, dispatcher"
MID_02292,MID,5,0.3274401426315307,0.1762805730104446,1.0,"technician, chemistry, assistant, leather, laboratory, sign, maker, centre, agent, management, sales, physics"
MID_01802,MID,5,0.3178793489933014,0.1205375418066978,0.7359069585800171,"motor, vehicles, specialised, seller, parts, advisor, business, manager, mover, commercial, sales, representative, vehicle, upholsterer, shelf, filler, centre, agent"
MID_02979,MID,5,0.3157544732093811,0.1776968985795974,1.0,"assistant, secretary, management, extra, administrative, legal, translator"
MID_02399,MID,5,0.3113017678260803,0.1666028350591659,1.0,"teacher, school, secondary, religion, scientific, researcher, primary, special, educational, needs, interpreter, sport, therapist"
MID_02237,MID,5,0.3104984164237976,0.1123496517539024,1.0,"mover, assembler, bicycle, mechatronics"
MID_03218,MID,5,0.3082970976829529,0.1331692337989807,0.862019419670105,"business, analyst, data, scientist, consultant, database, integrator"
MID_02235,MID,5,0.2926235795021057,0.1283969134092331,0.655438244342804,"education, policy, officer, tax, clerk, geologist, secretary, biologist, sociologist"
MID_03805,MID,5,0.289202332496643,0.1053230315446853,0.5279701352119446,"business, economics, researcher, manager, economist, political, party, agent, property, assistant, investment, adviser, analyst, securities, broker, journalist"
MID_02559,MID,5,0.2889783978462219,0.1597876697778701,1.0,"mover, garden, labourer, worker, building, construction, factory, hand, metal, sawing, machine, operator, civil, engineering"
MID_03889,MID,5,0.2866969406604767,0.1673004180192947,1.0,"building, construction, worker, vehicle, maintenance, attendant, printed, circuit, board, assembler, mover, private, chauffeur, caretaker"
MID_03807,MID,5,0.2834132313728332,0.1324121505022049,0.5458531379699707,"manager, chief, executive, officer, sales, department, court, administrator, accommodation, head, chef, business, consultant, commercial, representative, purchaser, accountant"
MID_03573,MID,5,0.2799234390258789,0.1094998195767402,1.0000001192092896,"cabinet, maker, coordinator, building, caretaker, mover, civil, drafter, food, technologist"
MID_04264,MID,5,0.277454137802124,0.1198959276080131,0.4394041299819946,"assistant, human, resources, quality, manager, services, employment, agent, corporate, trainer, project, management, engineering, technician, administrative, legal, consultant"
MID_01818,MID,5,0.2739898562431335,0.0974005460739135,0.6772332787513733,"engineer, quality, medical, microbiologist, laboratory, manager, mover, contact, centre, supervisor, mechanical, device, biologist"
MID_04249,MID,5,0.2739806473255157,0.1058339700102806,0.600929319858551,"legal, consultant, officer, lawyer, court, chief, executive, administrative, administrator, jeweller, armed, forces, assistant"
MID_04359,MID,5,0.2688910663127899,0.1218914166092872,1.0,"computer, scientist, ict, data, centre, operator, developer, analyst, green, consultant, digital, media, designer"
MID_01627,MID,5,0.2673225998878479,0.1761087477207183,0.9999999403953552,"healthcare, assistant, mover, bookkeeper, hairdresser, specialist, nurse"
MID_03279,MID,5,0.2621271014213562,0.1191136091947555,0.5331207513809204,"manager, health, safety, environmental, assistant, management, administrative, office, engineer, mover, domestic, housekeeper, clerk, medical, healthcare, institution"
MID_04029,MID,5,0.2603476047515869,0.1448816508054733,0.4690961837768554,"fitter, turner, engineer, tile, house, sitter, product, quality, controller, garden, labourer, design, commissioning, process"
MID_01772,MID,5,0.2600316405296325,0.1542000472545623,0.7007444500923157,"human, resources, manager, assistant, office, clerk, employment, agent, project, rail, operations"
MID_03032,MID,5,0.2585330605506897,0.1082042679190635,0.7964332103729248,"engineer, data, analyst, business, design, database, integrator, insurance, rating"
MID_03048,MID,5,0.2576484084129333,0.1592629551887512,0.9999998807907104,"commercial, sales, representative, swimming, facility, attendant, real, estate, agent, accounting, assistant, pharmaceutical, engineer, higher, education, lecturer"
MID_00341,MID,5,0.2534982562065124,0.1028793230652809,0.9999999403953552,"industrial, manager, production, dental, technician, quality, engineer, machinery, mechanic, real, estate"
MID_02775,MID,5,0.2526924312114715,0.0993092283606529,0.5500487685203552,"manager, online, community, ebusiness, marketer, advertising, event, copy, editor"
MID_00658,MID,5,0.2520774304866791,0.1602898091077804,0.9999998211860656,"manager, investment, adviser, department, financial, planner, contact, centre, supervisor, bookkeeper"
MID_03033,MID,5,0.2515140175819397,0.0974786430597305,1.0,"sales, commercial, representative, transport, planner, manager, interior, freight, dispatcher, construction, road, division"
MID_02304,MID,5,0.2497973889112472,0.1106100380420684,0.5992844104766846,"human, resources, manager, chemist, officer, membership, event, elderly, home, child, care, coordinator, assistant, product"
MID_01422,MID,5,0.2486933022737503,0.1304026544094085,0.5277078747749329,"clerk, tax, centre, agent, data, entry, interpreter, file, auditing"
MID_04213,MID,5,0.2452161610126495,0.1451536118984222,0.4628845453262329,"ict, officer, chief, security, green, consultant, sales, commercial, representative, domestic, housekeeper, manager, insurance, clerk, assistant, microelectronics, engineer, cybersecurity, risk, data, protection, project"
MID_04194,MID,5,0.2449768483638763,0.1146001741290092,0.5539358854293823,"script, writer, director, architect, stage, mover, photography, art, imagesetter, presenter"
MID_03593,MID,5,0.2443383187055587,0.1554895341396331,0.4128361940383911,"sales, assistant, technician, project, manager, ict, centre, agent, online, marketer, quality, engineering, chemistry, radio, prepress, network"
MID_04133,MID,5,0.2438569068908691,0.1275142431259155,0.4823217988014221,"security, guard, manager, logistics, distribution, shelf, filler, mover, membership, restaurant, operations, printed, circuit, board, assembler"
MID_04287,MID,5,0.2405070066452026,0.097721442580223,1.0000001192092896,"worker, machine, operator, supervisor, insulation, mover, food, service, metal, sawing, industrial, maintenance, crop, production, civil, engineering"
MID_01682,MID,5,0.2403180301189422,0.1243155896663665,0.4703105688095093,"human, resources, manager, officer, assistant, project, business, consultant, accountant, editorial, lecturer, office, clerk"
MID_04401,MID,5,0.2325739413499832,0.1162359789013862,0.4487426280975342,"manager, engineer, research, development, industrial, chemist, quality, mechanical, educational, counsellor, biochemical, medical, laboratory, design, production, office"
MID_02563,MID,5,0.2304959744215011,0.1119092851877212,1.0000001192092896,"factory, hand, construction, painting, supervisor, postman, postwoman, secondary, school, teacher, fitter, turner"
MID_04329,MID,5,0.2293547093868255,0.1127307564020156,0.8601714372634888,"construction, manager, supervisor, sewer, roofing, general, mover, painting, restaurant"
MID_03424,MID,5,0.2271589338779449,0.117266371846199,0.8872939348220825,"manager, production, industrial, supervisor, assistant, lecturer, machine, operator, supply, chain, automotive, engineer, lean, metal"
MID_04350,MID,5,0.226870447397232,0.1188490465283393,0.9999998211860656,"ict, management, assistant, bookkeeper, green, consultant, industrial, engineer, application, developer, administrator, trainer, lieutenant"
MID_04248,MID,5,0.2235302925109863,0.1181713938713073,0.9999999403953552,"lieutenant, assistant, lecturer, centre, agent, mover, fitness, instructor, data, entry, clerk"
MID_03990,MID,5,0.2222547978162765,0.1203915104269981,0.9999999403953552,"engineer, research, assistant, lecturer, chief, executive, officer, manager, design, industrial, department, production, engine, designer, automotive, quality"
MID_03618,MID,5,0.2205680161714553,0.1241749748587608,0.3484151363372803,"financial, controller, accountant, investment, adviser, localiser, accounting, assistant, securities, broker, fraud, examiner, bookkeeper"
MID_00862,MID,5,0.2179231941699981,0.1183792129158973,0.7796298265457153,"secondary, school, teacher, assistant, lecturer, mover, product, quality, controller, shelf, filler, computer, scientist, education, policy, officer, project, manager, lieutenant"
MID_03414,MID,5,0.21701180934906,0.1289335787296295,0.4415540099143982,"ict, manager, developer, account, cybersecurity, risk, department, analyst, application, administrator, domestic, housekeeper"
MID_03699,MID,5,0.2134198695421219,0.1141983419656753,0.4061545431613922,"technician, biotechnical, assistant, scientific, laboratory, nurse, promotions, demonstrator, technical, sales, representative, management, lecturer"
MID_01737,MID,5,0.2088146954774856,0.0978617891669273,0.4303833246231079,"manager, production, industrial, chief, executive, officer, operations, mechanical, engineer, engineering, technician, engine, designer, civil, file, clerk, product, department"
MID_00477,MID,5,0.2087846249341964,0.1776914149522781,0.4559550881385803,"centre, agent, postman, postwoman, contact, supervisor, bank, teller, lieutenant, software, developer"
MID_03175,MID,5,0.2061915099620819,0.1141510531306266,0.3414391577243805,"assistant, lecturer, sales, centre, agent, office, clerk, copy, editor, interpreter, healthcare, economist, collection, manager, social, work"
MID_01163,MID,5,0.2023731768131256,0.1736423224210739,0.2632279396057129,"human, resources, manager, assistant, officer, medical, practice, branch, bookkeeper, project, education, policy, vocational, teacher, chief, executive, office, management"
MID_03597,MID,5,0.2021752595901489,0.1062058359384536,0.9124411940574646,"machinery, land, based, operator, mixed, farmer, cabinet, maker, industrial, mechanic"
MID_01767,MID,5,0.2014036625623703,0.1051769331097602,0.5569802522659302,"teacher, assistant, school, management, clerk, language, office, primary, learning, support, education, foreign, correspondence, human, resources, principal, higher, lecturer"
MID_03619,MID,5,0.199438065290451,0.0972092822194099,0.4317942857742309,"seller, specialised, food, production, operator, bakery, sales, assistant, postman, postwoman, door, fuel, station"
MID_00639,MID,5,0.1986921578645706,0.108204461634159,0.3818366527557373,"manager, logistics, distribution, chief, executive, officer, consultant, department, housing, business, ict, purchasing, quality, green, engineering, technician, product, controller, aftersales, service, contact, centre, supervisor, account"
MID_03497,MID,5,0.1975354254245758,0.1228047758340835,0.3285745084285736,"developer, web, school, teacher, secondary, software, centre, agent, ict, analyst, language, higher, education, lecturer"
MID_03441,MID,5,0.1960853487253189,0.1033333390951156,0.4140157103538513,"manager, human, resources, branch, assistant, consultant, corporate, trainer, legal, lawyer, ict, administrator, business, construction, painter, insurance, clerk, sociologist"
MID_00533,MID,5,0.1946420818567276,0.1378124207258224,0.2605574131011963,"project, manager, worker, social, planner, child, care, scenic, painter, interior, work, assistant, cabinet, maker, building, construction, crop, production, urban"
MID_03874,MID,5,0.1944122314453125,0.1050226762890815,0.8056403994560242,"administrative, officer, assistant, court, legal, policy, medical, civil, service, ict, application, developer, education, labour, market"
MID_02040,MID,5,0.193545863032341,0.1710024625062942,0.2101793587207794,"bank, teller, commercial, sales, representative, centre, agent, gaming, inspector, shelf, filler, operations, manager"
MID_01606,MID,5,0.1909993588924408,0.1715401262044906,0.2950529754161834,"manager, product, business, department, analyst, consultant, advertising, telecommunications, equipment, maintainer, chief, executive, officer, accountant"
MID_02162,MID,5,0.1909889280796051,0.1640406101942062,0.344660997390747,"officer, civil, service, administrative, project, manager, higher, education, lecturer, human, resources, assistant, child, care, coordinator, live, chat, operator, political, party, agent, printed, circuit, board, assembler, police"
MID_03792,MID,5,0.1881363838911056,0.1000438556075096,0.3824044466018677,"social, worker, assistant, support, work, management, foster, care, school, teacher, disability, pedagogue, language, cabinet, maker, garden, labourer, accounting, secondary"
MID_04299,MID,5,0.1881144344806671,0.1042294278740882,0.3312672972679138,"engineer, research, architect, electrical, development, manager, higher, education, lecturer, business, consultant, financial, broker, commissioning"
MID_01183,MID,5,0.1841514706611633,0.0971456244587898,0.5528438091278076,"technician, chemistry, chemical, processing, supervisor, hairdresser, shelf, filler, food, production, operator, scientific, laboratory, manufacturing, quality"
MID_00549,MID,5,0.1804483979940414,0.1123530492186546,0.3276929259300232,"manager, project, advertising, education, policy, officer, management, assistant, business, specialist, product, fundraising, membership"
MID_02701,MID,5,0.1783257722854614,0.1150771602988243,0.2693939805030823,"chemical, processing, supervisor, factory, hand, clerk, assistant, chemist, data, entry, process, engineer, mover, construction, manager, pharmacy, postman, postwoman, management, lecturer, office"
MID_04320,MID,5,0.1782863438129425,0.1014791950583458,0.343163251876831,"sales, specialised, seller, worker, assistant, bakery, social, manager, food, service, account, department, building, construction, production, supervisor, community, health, nanny"
MID_03428,MID,5,0.1778806895017624,0.0981319919228553,0.5706976652145386,"engineer, mechatronics, assembler, electrical, mover, commissioning, domestic, electrician, process"
MID_04136,MID,5,0.1767203658819198,0.1045676544308662,0.3668745160102844,"manager, business, consultant, project, department, centre, agent, credit, analyst, industrial, engineer, chief, executive, officer"
MID_03757,MID,5,0.1745850145816803,0.1086858883500099,0.3511436879634857,"assistant, management, manager, branch, civil, drafter, human, resources, real, estate, shelf, filler, secretary, bookkeeper, construction"
MID_03399,MID,5,0.1738729476928711,0.0962691977620124,0.5719636082649231,"manager, branch, agronomic, crop, production, team, leader, real, estate, agent, court, administrator, legal, consultant, lieutenant, centre"
MID_01520,MID,5,0.172689601778984,0.1146619319915771,0.3603396117687225,"online, marketer, digital, media, designer, ict, marketing, assistant, manager, administrator, vineyard, cellar, master, membership, business, intelligence, help, desk, agent, insurance, clerk"
MID_00280,MID,5,0.1726301163434982,0.1681213676929474,0.1780687421560287,"specialised, seller, clerk, office, bakery, assistant, mover, flower, garden, audio, video, equipment, bookkeeper, payroll, management, motor, vehicles, second, hand, goods, sales"
MID_03842,MID,5,0.1717315912246704,0.1012810319662094,0.2527942955493927,"technologist, food, cook, dietetic, technician, microbiologist, mover, lieutenant, product, quality, controller, clothing, fashion, designer"
MID_03620,MID,5,0.169469952583313,0.1284336596727371,0.3132040202617645,"sales, representative, worker, technical, manager, commercial, social, food, service, restaurant, secretary, chief, executive, officer, management, assistant, child, care, community, health, human, resources, account"
MID_03924,MID,5,0.1692686080932617,0.1497389078140258,0.2255632281303405,"manager, business, consultant, accountant, advertising, financial, communication, scientist, public, relations, analyst, mover, intelligence, editor, chief, destination, linguist, bank, account"
MID_01731,MID,5,0.1689011752605438,0.1113319918513298,0.2729518413543701,"assistant, video, motion, picture, producer, director, sales, house, sitter, editorial, manager, advertising, specialised, seller, technical, communicator, office, digital, media, designer, textile, chief, executive, officer, business, analyst, specialist, camping, ground, receptionist"
MID_03666,MID,5,0.1688809692859649,0.1187986135482788,0.3468075394630432,"manager, human, resources, officer, event, branch, assistant, community, development, project, waiter, waitress, stage, director, amusement, recreation, attendant, membership, advertising, public, speaking, coach, chief, executive, department"
MID_02580,MID,5,0.1679867804050445,0.096351146697998,0.269275963306427,"receptionist, healthcare, assistant, clerk, foreign, language, correspondence, office, data, entry, membership, manager, hospitality, establishment"
MID_01135,MID,5,0.1676535308361053,0.1269674152135849,0.2372423410415649,"spokesperson, manager, security, guard, marketing, consultant, event, ebusiness, mover, quality, services"
MID_03608,MID,5,0.1674910187721252,0.1076219975948333,0.2844051122665405,"producer, editor, chief, career, guidance, advisor, manager, centre, agent, event, ebusiness"
MID_00213,MID,5,0.1673523634672165,0.0995157361030578,0.3521848618984222,"interior, designer, architect, industrial, planner, building, information, modelling, consultant, gaming, dealer"
MID_03759,MID,5,0.1661923825740814,0.1265600323677063,0.2225293964147567,"manager, user, interface, designer, assistant, mover, advertising, sales, filler, pharmacy, cylinder, office, product, specialised, antique, dealer, shelf, elderly, home, medical, representative, human, resources, employment, agent, corporate, banking, adviser, purchaser, support"
MID_03782,MID,5,0.164098709821701,0.1117113903164863,0.390036404132843,"human, resources, officer, fitness, instructor, public, speaking, coach, contact, centre, supervisor, employment, agent, shelf, filler, investor, relations, manager, receptionist, assistant, civil, service, administrative"
MID_02558,MID,5,0.1612027883529663,0.1077719777822494,0.3631810247898102,"specialised, seller, textile, manager, account, sales, fashion, designer, advertising, copywriter, public, assistant, online, marketer, technical, communicator, relations, speaking, coach, administrative, management, jewellery, watches, purchaser, ict, furniture, interior, architect"
MID_03761,MID,5,0.1606357395648956,0.1397106051445007,0.1862685531377792,"optician, mover, office, clerk, bookkeeper, branch, manager, research, engineer, factory, hand, doctors, surgery, assistant"
MID_03845,MID,5,0.1601662635803222,0.152890145778656,0.1651016473770141,"teacher, vocational, lecturer, cultural, facilities, manager, toymaker, public, speaking, coach, hairdresser, higher, education, assistant, learning, support, chemistry, technician"
MID_04237,MID,5,0.1600300520658493,0.1127112284302711,0.2286649346351623,"human, resources, officer, manager, industrial, engineer, centre, online, marketer, project, assistant, lecturer, contact, supervisor, agent, brand, logistics, distribution, shelf, filler, support"
MID_00381,MID,5,0.1590340584516525,0.1418215334415435,0.1737198233604431,"manager, real, estate, agent, housing, management, assistant, officer, building, caretaker, business, consultant, chief, executive, logistics, distribution, destination, factory, hand, construction, engineer, labour, market, policy, rooms, division"
MID_02977,MID,5,0.1582017689943313,0.1118112802505493,0.2322610765695572,"mechanical, engineering, technician, engineer, fitter, turner, industrial, machinery, mechanic, commercial, sales, representative, quality"
MID_03866,MID,5,0.1573973298072815,0.1012385562062263,0.4911248981952667,"education, officer, arts, policy, teacher, architect, secretary, vocational, music, secondary, school"
MID_02820,MID,5,0.1566290855407714,0.1202072277665138,0.2572411596775055,"manager, logistics, distribution, department, data, entry, clerk, industrial, production, operations, mover, centre, agent, mechanical, chief, executive, officer, transport, equipment, painter, supply, chain, business, consultant, garage, accountant, engineering, technician, engineer"
MID_03211,MID,5,0.1564092189073562,0.0979767814278602,0.4503196179866791,"manager, ict, vendor, relationship, sales, assistant, support, research, security, guard, shelf, filler, water, network, operative, department, health, safety, engineer, spokesperson, educational, counsellor, journalist, accounting, accountant, development, quality, engineering, technician"
MID_00336,MID,5,0.1563209742307663,0.1405496150255203,0.1748101562261581,"manager, web, content, assistant, brand, public, relations, political, fundraising, technical, communicator, administrative, library, online, marketer, office, clerk, food, production, operator, ict, application, developer, ebusiness, party, agent, scientist, digital, media, designer"
MID_04391,MID,5,0.1539745479822158,0.1107829064130783,0.1814600825309753,"quality, engineering, technician, manager, industrial, engineer, tax, clerk, accountant, production, bookkeeper, services, coating, machine, operator, ict, assurance, application, office, business"
MID_01993,MID,5,0.1527545154094696,0.1302147954702377,0.1754837334156036,"office, clerk, bakery, specialised, seller, manager, corporate, banking, adviser, administrative, assistant, public, relations, event, postman, postwoman"
MID_01443,MID,5,0.1521654576063156,0.1371375471353531,0.174617514014244,"social, worker, community, postman, postwoman, printed, circuit, board, assembler, shelf, filler, food, production, operator, public, relations, manager"
MID_04404,MID,5,0.1517434865236282,0.1201281696557998,0.295169472694397,"assistant, management, commercial, sales, representative, office, clerk, officer, secretary, telecommunications, technician, chief, executive, higher, education, lecturer, dental, chairside, tax, compliance, industrial, maintenance, supervisor"
MID_01449,MID,5,0.1507212668657302,0.1093738749623298,0.2476936429738998,"building, construction, worker, metal, sawing, machine, operator, gaming, dealer, mover, resilient, floor, layer, home, care, aide, industrial, machinery, mechanic, vehicle, maintenance, attendant"
MID_01524,MID,5,0.1506318747997284,0.1045247390866279,0.2577288150787353,"technical, communicator, assistant, translator, manager, online, marketer, public, relations, management, editorial, project, producer, stage, director, marketing, lecturer, advertising, copywriter, officer, editor, chief"
MID_04036,MID,5,0.1505021452903747,0.1181106343865394,0.2117225527763366,"manager, designer, web, advertising, business, analyst, mechanical, engineer, product, extra, industrial, brand, ebusiness, visual, merchandiser, ict, account, printed, circuit, board, assembler, art, director"
MID_03680,MID,5,0.1485636830329895,0.111092485487461,0.2017830461263656,"sales, manager, assistant, representative, management, commercial, hotel, butler, human, resources, porter, night, auditor, event, restaurant, department, technical, office, clerk, editorial"
MID_03860,MID,5,0.1479082852602005,0.1004008278250694,0.2436653673648834,"manager, quality, construction, industrial, services, architect, supply, chain, electrical, engineer, business, analyst, food, technologist, biologist"
MID_04088,MID,5,0.1473331302404403,0.1057434007525444,0.177459254860878,"building, construction, worker, vehicle, maintenance, attendant, installer, factory, hand, plate, glass, ceiling, office, clerk, private, chauffeur, groom"
MID_01406,MID,5,0.1472294181585312,0.1208614334464073,0.1772841960191726,"manager, office, social, pedagogue, supply, chain, insurance, clerk, department, financial, fraud, examiner, special, educational, needs, teacher, volunteer, mentor, logistics, analyst"
MID_02414,MID,5,0.1463149189949035,0.1037009954452514,0.1769434064626693,"technician, tool, industrial, machinery, mechanic, repair, power, sales, metal, sawing, machine, operator, commercial, representative, mover, raw, materials, warehouse, specialist, solar, energy, mechatronics, assembler, assistant, die, maker, maintenance, engineer, management, factory"
MID_01816,MID,5,0.1444630324840545,0.1202575266361236,0.1700533628463745,"engineer, sales, design, electrical, research, production, industrial, application, software, developer, computer, scientist"
MID_01741,MID,5,0.1444266140460968,0.099181093275547,0.2205265909433365,"manager, project, office, business, chief, executive, officer, ict, department, analyst, industrial, maintenance, supervisor, electrical, engineering, technician, accounting, assistant, factory, hand, product, services, consultant, help, desk, agent"
MID_02794,MID,5,0.1443664133548736,0.0983603075146675,0.1936110109090805,"technician, production, supervisor, electrical, footwear, equipment, orthopaedic, commissioning, electronics, engineer, power, tool, repair, mover, quality, engineering"
MID_04383,MID,5,0.1416223347187042,0.1043921560049057,0.2173647284507751,"manager, product, services, engineer, project, assistant, office, business, consultant, ict, operations, design, industrial, machinery, mechanic, marketing, lecturer, online, marketer, chief, information, officer, mechanical"
MID_02618,MID,5,0.1413921415805816,0.0972266048192977,0.1907704025506973,"manager, ict, account, centre, agent, project, human, resources, bank, accommodation, mover, client, relations, officer"
MID_03320,MID,5,0.1397993862628936,0.1120493039488792,0.17547307908535,"personal, trainer, commercial, pilot, medical, higher, education, lecturer, office, clerk, technical, sales, representative, employment, agent, air, traffic, controller, flight, attendant, practice, manager, administrative, assistant, bioinformatics, scientist"
MID_02610,MID,5,0.1389132142066955,0.1205982863903045,0.168979212641716,"sales, assistant, manager, flower, garden, specialised, seller, account, hairdresser, social, pedagogue, healthcare, secretary, horticulture, production, armed, forces, officer"
MID_03182,MID,5,0.1351296156644821,0.1000900119543075,0.3644965589046478,"engineer, medical, device, manager, laboratory, civil, research, statistician, practice, psychotherapist, design, physics, technician"
MID_02345,MID,5,0.1344012320041656,0.1073756217956543,0.1759602725505828,"teacher, learning, support, mover, insurance, broker, social, security, officer, special, educational, needs, human, resources, assistant, office, manager, interpreter, higher, education, lecturer, physicist, secondary, school"
MID_01137,MID,5,0.134019449353218,0.1036821827292442,0.1690222769975662,"assistant, pharmacy, bookkeeper, data, technician, management, protection, officer, statistician, office, clerk, business, analyst, chemistry, research, engineer, administrative, biotechnical, scientist, optical, instrument, repairer"
MID_03521,MID,5,0.1317047625780105,0.0997136831283569,0.1973201334476471,"manager, social, worker, project, department, sport, facility, branch, human, resources, higher, education, lecturer, sales, account, vocational, teacher, specialist, nurse"
MID_03079,MID,5,0.1295089572668075,0.1005438119173049,0.177902489900589,"ict, manager, account, computer, green, consultant, higher, education, lecturer, purchasing, bank, scientist, hardware, test, technician, freight, transport, dispatcher, application, developer"
MID_03415,MID,5,0.1277102530002594,0.1017681956291198,0.1763646900653839,"physiotherapist, support, worker, disability, quality, foster, care, assistant, engineer, specialist, nurse, product, controller, healthcare, project, manager, industrial, administrative"
MID_03195,MID,5,0.1274980008602142,0.0978868603706359,0.1579151600599289,"manager, sales, commercial, representative, project, membership, centre, agent, ict, higher, education, lecturer, chief, information, officer, transport, planner, trainer, green, consultant, office, clerk"
MID_03390,MID,5,0.1229225024580955,0.0970413237810134,0.2402718961238861,"accountant, manager, membership, business, analyst, financial, sport, facility, controller, product, services"
MID_04247,MID,5,0.1228011026978492,0.0976146012544632,0.1608220785856247,"software, developer, cybersecurity, risk, manager, chief, information, officer, imagesetter, cloud, devops, engineer, architect, embedded, systems, green, ict, consultant, commercial, sales, representative"
MID_04120,MID,5,0.1087811812758445,0.096866451203823,0.1269548386335373,"assistant, sales, club, host, hostess, product, quality, controller, editorial, hotel, butler, raw, materials, warehouse, specialist, domestic, housekeeper, food, production, operator"
MID_03848,MID,5,0.1046216264367103,0.0979676991701126,0.1101076081395149,"manager, office, logistics, distribution, financial, mover, tourist, guide, mechanical, engineer, cloud, architect, database, integrator, fraud, examiner, assistant, lecturer, performance, lighting, technician"
